{"attributes": {"name": "Force", "scale": 1.0, "color.vertex": [255, 255, 255], "color.edge": [0, 0, 0], "color.face": [210, 210, 210]}, "dva": {"x": 0.0, "y": 0.0, "z": 0.0, "is_fixed": false, "is_param": false}, "dea": {"lmin": 0.0, "lmax": 10000000.0, "_a": 0.0, "l": 0.0, "target_vector": null, "target_length": null}, "dfa": {}, "vertex": {"1": {"x": 5.106300953434743, "y": -5.5344109812531315, "z": 0.0}, "2": {"x": 5.106300953434744, "y": 15.878752357253024, "z": 0.0}, "16": {"x": 13.300763797608814, "y": 35.66193569201968, "z": 0.0}, "15": {"x": 28.442156800921822, "y": 50.80332869533253, "z": 0.0}, "14": {"x": 48.22534013568881, "y": 58.997791539506345, "z": 0.0}, "13": {"x": 69.63850347419526, "y": 58.99779153950611, "z": 0.0}, "12": {"x": 89.4216868089623, "y": 50.803328695332056, "z": 0.0}, "11": {"x": 104.5630798122753, "y": 35.66193569201903, "z": 0.0}, "10": {"x": 112.75754265644919, "y": 15.878752357251953, "z": 0.0}, "9": {"x": 112.75754265644915, "y": -5.534410981254219, "z": 0.0}, "8": {"x": 104.56307981227509, "y": -25.31759431602102, "z": 0.0}, "7": {"x": 89.42168680896212, "y": -40.45898731933395, "z": 0.0}, "6": {"x": 69.63850347419518, "y": -48.65345016350782, "z": 0.0}, "5": {"x": 48.22534013568889, "y": -48.653450163507685, "z": 0.0}, "4": {"x": 28.442156800921797, "y": -40.45898731933363, "z": 0.0}, "3": {"x": 13.300763797608742, "y": -25.31759431602036, "z": 0.0}, "17": {"x": -62.17572511094864, "y": -18.917638067820057, "z": 0.0}, "18": {"x": -62.175725110948626, "y": 29.26197944381898, "z": 0.0}, "19": {"x": -43.73818371155742, "y": -63.42980057104586, "z": 0.0}, "20": {"x": -9.6700494541033, "y": -97.49793482849995, "z": 0.0}, "21": {"x": 34.8421130491224, "y": -115.93547622789124, "z": 0.0}, "22": {"x": 83.02173056076145, "y": -115.93547622789127, "z": 0.0}, "23": {"x": 127.53389306398716, "y": -97.49793482850014, "z": 0.0}, "24": {"x": 161.6020273214413, "y": -63.42980057104609, "z": 0.0}, "25": {"x": 180.03956872083253, "y": -18.917638067820388, "z": 0.0}, "26": {"x": 180.0395687208326, "y": 29.261979443818642, "z": 0.0}, "27": {"x": 161.6020273214415, "y": 73.7741419470443, "z": 0.0}, "28": {"x": 127.53389306398736, "y": 107.8422762044984, "z": 0.0}, "29": {"x": 83.0217305607616, "y": 126.27981760388978, "z": 0.0}, "30": {"x": 34.84211304912257, "y": 126.2798176038898, "z": 0.0}, "31": {"x": -9.670049454103196, "y": 107.84227620449863, "z": 0.0}, "32": {"x": -43.73818371155734, "y": 73.77414194704468, "z": 0.0}, "33": {"x": -142.9141563882089, "y": -34.97751057169991, "z": 0.0}, "34": {"x": -142.91415638820882, "y": 45.32185194769854, "z": 0.0}, "35": {"x": -112.18492072255692, "y": -109.16444807707602, "z": 0.0}, "36": {"x": -55.40469696013339, "y": -165.94467183949953, "z": 0.0}, "37": {"x": 18.7822405452427, "y": -196.67390750515156, "z": 0.0}, "38": {"x": 99.08160306464114, "y": -196.6739075051516, "z": 0.0}, "39": {"x": 173.26854057001725, "y": -165.9446718394996, "z": 0.0}, "40": {"x": 230.0487643324407, "y": -109.16444807707609, "z": 0.0}, "41": {"x": 260.77799999809275, "y": -34.977510571699995, "z": 0.0}, "42": {"x": 260.7779999980928, "y": 45.32185194769838, "z": 0.0}, "43": {"x": 230.04876433244095, "y": 119.50878945307451, "z": 0.0}, "44": {"x": 173.26854057001762, "y": 176.28901321549796, "z": 0.0}, "45": {"x": 99.08160306464137, "y": 207.01824888115004, "z": 0.0}, "46": {"x": 18.782240545242868, "y": 207.01824888115007, "z": 0.0}, "47": {"x": -55.40469696013333, "y": 176.289013215498, "z": 0.0}, "48": {"x": -112.18492072255675, "y": 119.50878945307473, "z": 0.0}, "49": {"x": -223.6525876654692, "y": -51.037383075579584, "z": 0.0}, "50": {"x": -223.65258766546916, "y": 61.38172445157828, "z": 0.0}, "51": {"x": -180.63165773355638, "y": -154.89909558310623, "z": 0.0}, "52": {"x": -101.13934446616355, "y": -234.39140885049912, "z": 0.0}, "53": {"x": 2.7223680413630644, "y": -277.412338782412, "z": 0.0}, "54": {"x": 115.1414755685208, "y": -277.41233878241195, "z": 0.0}, "55": {"x": 219.0031880760473, "y": -234.39140885049903, "z": 0.0}, "56": {"x": 298.4955013434402, "y": -154.8990955831062, "z": 0.0}, "57": {"x": 341.51643127535317, "y": -51.037383075579676, "z": 0.0}, "58": {"x": 341.5164312753533, "y": 61.38172445157805, "z": 0.0}, "59": {"x": 298.4955013434405, "y": 165.2434369591046, "z": 0.0}, "60": {"x": 219.0031880760477, "y": 244.7357502264974, "z": 0.0}, "61": {"x": 115.14147556852107, "y": 287.75668015841023, "z": 0.0}, "62": {"x": 2.7223680413631954, "y": 287.7566801584102, "z": 0.0}, "63": {"x": -101.1393444661635, "y": 244.7357502264974, "z": 0.0}, "64": {"x": -180.63165773355627, "y": 165.2434369591048, "z": 0.0}, "65": {"x": -304.3910189427295, "y": -67.0972555794592, "z": 0.0}, "66": {"x": -304.3910189427295, "y": 77.44159695545798, "z": 0.0}, "67": {"x": -249.07839474455582, "y": -200.6337430891363, "z": 0.0}, "68": {"x": -146.8739919721936, "y": -302.8381458614986, "z": 0.0}, "69": {"x": -13.337504462516643, "y": -358.1507700596722, "z": 0.0}, "70": {"x": 131.20134807240044, "y": -358.1507700596722, "z": 0.0}, "71": {"x": 264.7378355820774, "y": -302.8381458614985, "z": 0.0}, "72": {"x": 366.94223835443967, "y": -200.6337430891363, "z": 0.0}, "73": {"x": 422.2548625526134, "y": -67.09725557945933, "z": 0.0}, "74": {"x": 422.25486255261376, "y": 77.44159695545768, "z": 0.0}, "75": {"x": 366.9422383544401, "y": 210.97808446513466, "z": 0.0}, "76": {"x": 264.7378355820779, "y": 313.1824872374967, "z": 0.0}, "77": {"x": 131.20134807240078, "y": 368.4951114356705, "z": 0.0}, "78": {"x": -13.337504462516508, "y": 368.49511143567054, "z": 0.0}, "79": {"x": -146.87399197219364, "y": 313.18248723749684, "z": 0.0}, "80": {"x": -249.07839474455588, "y": 210.9780844651349, "z": 0.0}, "81": {"x": -385.12945021998974, "y": -83.15712808333916, "z": 0.0}, "82": {"x": -385.1294502199899, "y": 93.50146945933773, "z": 0.0}, "83": {"x": -317.52513175555515, "y": -246.36839059516666, "z": 0.0}, "84": {"x": -192.60863947822372, "y": -371.2848828724981, "z": 0.0}, "85": {"x": -29.39737696639635, "y": -438.88920133693233, "z": 0.0}, "86": {"x": 147.26122057628004, "y": -438.88920133693233, "z": 0.0}, "87": {"x": 310.4724830881075, "y": -371.28488287249803, "z": 0.0}, "88": {"x": 435.38897536543936, "y": -246.36839059516655, "z": 0.0}, "89": {"x": 502.9932938298737, "y": -83.157128083339, "z": 0.0}, "90": {"x": 502.99329382987383, "y": 93.5014694593373, "z": 0.0}, "91": {"x": 435.3889753654395, "y": 256.71273197116466, "z": 0.0}, "92": {"x": 310.472483088108, "y": 381.62922424849614, "z": 0.0}, "93": {"x": 147.26122057628052, "y": 449.23354271293056, "z": 0.0}, "94": {"x": -29.397376966396216, "y": 449.23354271293084, "z": 0.0}, "95": {"x": -192.60863947822375, "y": 381.62922424849637, "z": 0.0}, "96": {"x": -317.5251317555554, "y": 256.71273197116506, "z": 0.0}}, "face": {"0": [1, 2, 16, 15, 14, 13, 12, 11, 10, 9, 8, 7, 6, 5, 4, 3], "1": [2, 1, 17, 18], "2": [17, 1, 3, 19], "3": [19, 3, 4, 20], "4": [20, 4, 5, 21], "5": [21, 5, 6, 22], "6": [22, 6, 7, 23], "7": [23, 7, 8, 24], "8": [24, 8, 9, 25], "9": [25, 9, 10, 26], "10": [26, 10, 11, 27], "11": [27, 11, 12, 28], "12": [28, 12, 13, 29], "13": [29, 13, 14, 30], "14": [30, 14, 15, 31], "15": [31, 15, 16, 32], "16": [16, 2, 18, 32], "17": [18, 17, 33, 34], "18": [33, 17, 19, 35], "19": [35, 19, 20, 36], "20": [36, 20, 21, 37], "21": [37, 21, 22, 38], "22": [38, 22, 23, 39], "23": [39, 23, 24, 40], "24": [40, 24, 25, 41], "25": [41, 25, 26, 42], "26": [42, 26, 27, 43], "27": [43, 27, 28, 44], "28": [44, 28, 29, 45], "29": [45, 29, 30, 46], "30": [46, 30, 31, 47], "31": [47, 31, 32, 48], "32": [32, 18, 34, 48], "33": [34, 33, 49, 50], "34": [49, 33, 35, 51], "35": [51, 35, 36, 52], "36": [52, 36, 37, 53], "37": [53, 37, 38, 54], "38": [54, 38, 39, 55], "39": [55, 39, 40, 56], "40": [56, 40, 41, 57], "41": [57, 41, 42, 58], "42": [58, 42, 43, 59], "43": [59, 43, 44, 60], "44": [60, 44, 45, 61], "45": [61, 45, 46, 62], "46": [62, 46, 47, 63],