{"attributes": {"name": "Force", "scale": 1.0, "color.vertex": [255, 255, 255], "color.edge": [0, 0, 0], "color.face": [210, 210, 210]}, "dva": {"x": 0.0, "y": 0.0, "z": 0.0, "is_fixed": false, "is_param": false}, "dea": {"lmin": 0.0, "lmax": 10000000.0, "_a": 0.0, "l": 0.0, "target_vector": null, "target_length": null}, "dfa": {}, "vertex": {"124": {"x": 1.0692064287801751e-14, "y": 5.0, "z": 0.0}, "1": {"x": 3.137502997420623e-14, "y": 14.489199099330266, "z": 0.0}, "3": {"x": 5.149252577701267e-14, "y": 14.489199099330273, "z": 0.0}, "2": {"x": -84.02288879826077, "y": 98.51208789759093, "z": 0.0}, "121": {"x": -93.51208789759104, "y": 98.51208789759096, "z": 0.0}, "4": {"x": -84.02288879826078, "y": 98.51208789759094, "z": 0.0}, "6": {"x": -65.27945356094699, "y": 98.51208789759103, "z": 0.0}, "5": {"x": 2.922187016887259e-14, "y": 33.232634336644026, "z": 0.0}, "7": {"x": -84.0228887982608, "y": 98.51208789759092, "z": 0.0}, "8": {"x": -65.27945356094699, "y": 98.51208789759093, "z": 0.0}, "9": {"x": -84.02288879826081, "y": 98.51208789759093, "z": 0.0}, "10": {"x": -65.279453560947, "y": 98.51208789759087, "z": 0.0}, "11": {"x": -84.02288879826082, "y": 98.51208789759096, "z": 0.0}, "12": {"x": -65.27945356094702, "y": 98.51208789759093, "z": 0.0}, "13": {"x": -84.02288879826082, "y": 98.51208789759096, "z": 0.0}, "14": {"x": -65.27945356094703, "y": 98.51208789759093, "z": 0.0}, "15": {"x": -84.02288879826082, "y": 98.51208789759092, "z": 0.0}, "16": {"x": -65.27945356094706, "y": 98.51208789759089, "z": 0.0}, "17": {"x": -84.02288879826084, "y": 98.51208789759092, "z": 0.0}, "18": {"x": -65.27945356094709, "y": 98.51208789759093, "z": 0.0}, "19": {"x": -84.02288879826087, "y": 98.512087897591, "z": 0.0}, "20": {"x": -65.27945356094708, "y": 98.51208789759099, "z": 0.0}, "21": {"x": -84.02288879826085, "y": 98.51208789759107, "z": 0.0}, "24": {"x": -1.6654336377555308e-13, "y": 182.53497669585158, "z": 0.0}, "22": {"x": -1.6288004296544464e-13, "y": 182.53497669585155, "z": 0.0}, "23": {"x": -2.3916088860785997e-13, "y": 163.7915414585379, "z": 0.0}, "25": {"x": 3.168636524335582e-14, "y": 14.489199099330271, "z": 0.0}, "26": {"x": 1.6286599339577956e-14, "y": 33.23263433664403, "z": 0.0}, "28": {"x": -46.85437346691822, "y": 98.51208789759092, "z": 0.0}, "27": {"x": -7.209128384300091e-15, "y": 51.657714430672776, "z": 0.0}, "29": {"x": -46.854373466918226, "y": 98.51208789759092, "z": 0.0}, "30": {"x": -46.85437346691825, "y": 98.5120878975909, "z": 0.0}, "31": {"x": -46.854373466918254, "y": 98.5120878975909, "z": 0.0}, "32": {"x": -46.85437346691827, "y": 98.51208789759085, "z": 0.0}, "33": {"x": -46.854373466918304, "y": 98.5120878975909, "z": 0.0}, "34": {"x": -2.1620298137536142e-13, "y": 163.7915414585378, "z": 0.0}, "35": {"x": -2.1553129651389705e-13, "y": 145.366461364509, "z": 0.0}, "36": {"x": -1.926365621583095e-13, "y": 182.5349766958515, "z": 0.0}, "122": {"x": -2.190419421858275e-13, "y": 192.0241757951818, "z": 0.0}, "37": {"x": -1.0073864724987294e-14, "y": 14.489199099330275, "z": 0.0}, "38": {"x": -1.6703235247140168e-14, "y": 33.23263433664402, "z": 0.0}, "39": {"x": -6.31271070456198e-14, "y": 51.65771443067277, "z": 0.0}, "41": {"x": -28.85805972738758, "y": 98.5120878975909, "z": 0.0}, "40": {"x": -7.342274936187702e-14, "y": 69.65402817020343, "z": 0.0}, "42": {"x": -28.85805972738758, "y": 98.51208789759092, "z": 0.0}, "43": {"x": -28.858059727387587, "y": 98.51208789759087, "z": 0.0}, "44": {"x": -28.85805972738762, "y": 98.5120878975908, "z": 0.0}, "45": {"x": -2.0930192022762195e-13, "y": 145.36646136450892, "z": 0.0}, "46": {"x": -1.5563201768221693e-13, "y": 127.37014762497819, "z": 0.0}, "47": {"x": -2.1645489842458104e-13, "y": 163.7915414585378, "z": 0.0}, "48": {"x": -2.1024108776364402e-13, "y": 182.53497669585147, "z": 0.0}, "49": {"x": -2.7386046992527634e-14, "y": 14.489199099330262, "z": 0.0}, "50": {"x": -2.4115126352087964e-14, "y": 33.23263433664401, "z": 0.0}, "51": {"x": -5.418046054199228e-14, "y": 51.657714430672755, "z": 0.0}, "52": {"x": -9.929835189959131e-14, "y": 69.6540281702034, "z": 0.0}, "54": {"x": -12.825804323249262, "y": 98.5120878975909, "z": 0.0}, "53": {"x": -1.0998519305543449e-13, "y": 85.6862835743418, "z": 0.0}, "55": {"x": -12.825804323249253, "y": 98.51208789759086, "z": 0.0}, "56": {"x": -1.883163577305911e-13, "y": 127.3701476249782, "z": 0.0}, "57": {"x": -1.758450014090385e-13, "y": 111.33789222083992, "z": 0.0}, "58": {"x": -2.2925014603984545e-13, "y": 145.36646136450898, "z": 0.0}, "59": {"x": -2.332036536745388e-13, "y": 163.7915414585378, "z": 0.0}, "60": {"x": -2.4106502415273184e-13, "y": 182.5349766958515, "z": 0.0}, "61": {"x": -1.7555861057613576e-14, "y": 14.48919909933025, "z": 0.0}, "62": {"x": -4.128110018227413e-14, "y": 33.23263433664401, "z": 0.0}, "63": {"x": -7.404804369124385e-14, "y": 51.657714430672755, "z": 0.0}, "64": {"x": -1.0033360685094862e-13, "y": 69.65402817020338, "z": 0.0}, "65": {"x": -1.3729646530333537e-13, "y": 85.68628357434179, "z": 0.0}, "68": {"x": -1.9044564462389087e-13, "y": 111.33789222083992, "z": 0.0}, "66": {"x": 12.82580432324897, "y": 98.51208789759079, "z": 0.0}, "67": {"x": 12.82580432324896, "y": 98.51208789759085, "z": 0.0}, "69": {"x": -2.1510574714940379e-13, "y": 127.3701476249782, "z": 0.0}, "70": {"x": -1.7719869520728945e-13, "y": 145.36646136450892, "z": 0.0}, "71": {"x": -1.9663232850960215e-13, "y": 163.79154145853778, "z": 0.0}, "72": {"x": -2.335881170212263e-13, "y": 182.53497669585153, "z": 0.0}, "73": {"x": -4.1991678491949495e-14, "y": 14.489199099330246, "z": 0.0}, "74": {"x": -5.233063392759795e-14, "y": 33.232634336644026, "z": 0.0}, "75": {"x": -5.971783651535138e-14, "y": 51.657714430672726, "z": 0.0}, "76": {"x": -7.34825253019695e-14, "y": 69.65402817020335, "z": 0.0}, "77": {"x": 28.858059727387317, "y": 98.51208789759083, "z": 0.0}, "78": {"x": 28.858059727387328, "y": 98.51208789759076, "z": 0.0}, "79": {"x": 28.858059727387303, "y": 98.51208789759076, "z": 0.0}, "81": {"x": -1.6685074285116291e-13, "y": 127.37014762497815, "z": 0.0}, "80": {"x": 28.85805972738729, "y": 98.51208789759065, "z": 0.0}, "82": {"x": -1.575487889672669e-13, "y": 145.3664613645089, "z": 0.0}, "83": {"x": -1.5602614360632906e-13, "y": 163.79154145853775, "z": 0.0}, "84": {"x": -2.1323238149110475e-13, "y": 182.53497669585147, "z": 0.0}, "85": {"x": -4.512906564962799e-14, "y": 14.489199099330243, "z": 0.0}, "86": {"x": -6.134848987690215e-14, "y": 33.232634336644004, "z": 0.0}, "87": {"x": -6.08534368332236e-14, "y": 51.65771443067273, "z": 0.0}, "88": {"x": 46.854373466918, "y": 98.5120878975908, "z": 0.0}, "89": {"x": 46.854373466918005, "y": 98.51208789759076, "z": 0.0}, "90": {"x": 46.85437346691797, "y": 98.51208789759079, "z": 0.0}, "91": {"x": 46.85437346691795, "y": 98.51208789759076, "z": 0.0}, "92": {"x": 46.854373466917934, "y": 98.51208789759069, "z": 0.0}, "94": {"x": -1.0221506633612498e-13, "y": 145.36646136450884, "z": 0.0}, "93": {"x": 46.85437346691794, "y": 98.51208789759069, "z": 0.0}, "95": {"x": -1.65589396499324e-13, "y": 163.79154145853772, "z": 0.0}, "96": {"x": -2.2368585348890682e-13, "y": 182.53497669585153, "z": 0.0}, "97": {"x": -3.7115819563291726e-14, "y": 14.489199099330238, "z": 0.0}, "98": {"x": -1.0872584114311083e-13, "y": 33.23263433664402, "z": 0.0}, "99": {"x": 65.27945356094675, "y": 98.5120878975907, "z": 0.0}, "100": {"x": 65.27945356094676, "y": 98.5120878975907, "z": 0.0}, "101": {"x": 65.27945356094673, "y": 98.51208789759069, "z": 0.0}, "102": {"x": 65.27945356094672, "y": 98.51208789759076, "z": 0.0}, "103": {"x": 65.2794535609467, "y": 98.51208789759077, "z": 0.0}, "104": {"x": 65.27945356094668, "y": 98.51208789759075, "z": 0.0}, "105": {"x": 65.27945356094666, "y": 98.51208789759072, "z": 0.0}, "107": {"x": -1.7505189217362466e-13, "y": 163.7915414585377, "z": 0.0}, "106": {"x": 65.27945356094666, "y": 98.51208789759072, "z": 0.0},