{"attributes": {"name": "FormDiagram", "feet.scale": 1.0, "feet.alpha": 45, "feet.tol": 0.1, "loadpath": 5913.996072486813, "indset": ["5.442,3.933,0.000", "6.692,4.558,0.000", "7.134,5.884,0.000", "7.134,4.116,0.000", "5.884,7.134,0.000", "4.116,7.134,0.000", "2.866,4.116,0.000", "4.116,2.866,0.000", "5.884,2.866,0.000", "7.759,4.116,0.000", "8.201,6.326,0.000", "8.201,3.674,0.000", "6.326,8.201,0.000", "3.674,8.201,0.000", "6.768,8.643,0.000", "5.000,9.375,0.000", "3.674,8.826,0.000", "1.906,8.094,0.000", "1.799,3.674,0.000", "1.357,6.768,0.000", "1.357,3.232,0.000", "0.625,5.000,0.000", "3.674,1.799,0.000", "1.906,1.906,0.000", "3.674,1.174,0.000", "6.326,1.799,0.000", "5.000,0.625,0.000", "6.768,1.357,0.000", "8.826,3.674,0.000", "8.094,1.906,0.000"]}, "dva": {"x": 0.0, "y": 0.0, "z": 0.0, "px": 0.0, "py": 0.0, "pz": 0.0, "_sw": 0.0, "t": 1.0, "is_anchor": false, "is_fixed": false, "_is_external": false, "_rx": 0.0, "_ry": 0.0, "_rz": 0.0, "is_roller": false}, "dea": {"q": 1.0, "_f": 0.0, "_l": 0.0, "_a": 0.0, "qmin": 0.0, "qmax": 10000000.0, "lmin": 0.0, "lmax": 10000000.0, "fmin": 0.0, "fmax": 10000000.0, "_is_edge": true, "_is_external": false, "_is_tension": false, "is_symmetry": false, "is_ind": false}, "dfa": {"_is_loaded": true}, "vertex": {"0": {"x": 5.0, "y": 5.0, "z": 5.132865525496343, "target": 5.0, "pz": 15.921737039675298, "ub": 5.25, "lb": 4.75, "px": 0.0}, "1": {"x": 6.25, "y": 5.0, "z": 4.8707732319021675, "target": 4.841229182759271, "pz": 8.292706099476977, "ub": 5.0990195135927845, "lb": 4.58257569495584, "px": 0.0}, "2": {"x": 5.883883476483184, "y": 5.883883476483184, "z": 5.0904474723313715, "target": 4.841229182759271, "pz": 12.604977939035132, "ub": 5.0990195135927845, "lb": 4.58257569495584, "px": 0.0}, "3": {"x": 5.0, "y": 6.25, "z": 5.072809148200298, "target": 4.841229182759271, "pz": 12.604977939035123, "ub": 5.0990195135927845, "lb": 4.58257569495584, "px": 0.0}, "4": {"x": 4.116116523516816, "y": 5.883883476483184, "z": 5.095593358456085, "target": 4.841229182759271, "pz": 12.604977939035127, "ub": 5.0990195135927845, "lb": 4.58257569495584, "px": 0.0}, "5": {"x": 3.75, "y": 5.0, "z": 5.099017234885727, "target": 4.841229182759271, "pz": 16.91724977859328, "ub": 5.0990195135927845, "lb": 4.58257569495584, "px": 0.0}, "6": {"x": 4.116116523516816, "y": 4.116116523516816, "z": 5.095611601142225, "target": 4.841229182759271, "pz": 12.60497793903513, "ub": 5.0990195135927845, "lb": 4.58257569495584, "px": 0.0}, "7": {"x": 5.0, "y": 3.75, "z": 5.072799028287655, "target": 4.841229182759271, "pz": 12.604977939035127, "ub": 5.0990195135927845, "lb": 4.58257569495584, "px": 0.0}, "8": {"x": 5.883883476483184, "y": 4.116116523516816, "z": 5.090446233312291, "target": 4.841229182759271, "pz": 12.604977939035127, "ub": 5.0990195135927845, "lb": 4.58257569495584, "px": 0.0}, "9": {"x": 7.5, "y": 4.999999999999999, "z": 4.301524367586554, "target": 4.330127018922193, "pz": 23.47254806122488, "ub": 4.616546328154846, "lb": 4.038873605350878, "px": 0.0}, "10": {"x": 6.767766952966369, "y": 6.767766952966369, "z": 4.616542377055754, "target": 4.330127018922194, "pz": 29.218211548358617, "ub": 4.616546328154847, "lb": 4.038873605350878, "px": 0.0}, "11": {"x": 5.0, "y": 7.5, "z": 4.616546330037261, "target": 4.330127018922194, "pz": 29.218211548358614, "ub": 4.616546328154847, "lb": 4.038873605350878, "px": 0.0}, "12": {"x": 3.232233047033631, "y": 6.767766952966369, "z": 4.616546334574154, "target": 4.330127018922194, "pz": 29.218211548358607, "ub": 4.616546328154847, "lb": 4.038873605350878, "px": 0.0}, "13": {"x": 2.5, "y": 5.0, "z": 4.616546336084174, "target": 4.330127018922194, "pz": 34.96387503549234, "ub": 4.616546328154847, "lb": 4.038873605350878, "px": 0.0}, "14": {"x": 3.2322330470336307, "y": 3.232233047033631, "z": 4.616546335689336, "target": 4.330127018922194, "pz": 29.218211548358607, "ub": 4.616546328154847, "lb": 4.038873605350878, "px": 0.0}, "15": {"x": 4.999999999999999, "y": 2.5, "z": 4.61654633430971, "target": 4.330127018922194, "pz": 29.21821154835862, "ub": 4.616546328154847, "lb": 4.038873605350878, "px": 0.0}, "16": {"x": 6.767766952966369, "y": 3.2322330470336307, "z": 4.61654632808324, "target": 4.330127018922194, "pz": 29.218211548358617, "ub": 4.616546328154847, "lb": 4.038873605350878, "px": 0.0}, "17": {"x": 8.75, "y": 4.999999999999999, "z": 2.915476050448829, "target": 3.307189138830738, "pz": 62.223543545156254, "ub": 3.6742346141747673, "lb": 2.915475947422651, "px": 0.0}, "18": {"x": 7.651650429449553, "y": 7.651650429449553, "z": 3.3151328578917303, "target": 3.307189138830738, "pz": 80.87848539973453, "ub": 3.6742346141747673, "lb": 2.9154759474226504, "px": 0.0}, "19": {"x": 5.0, "y": 8.75, "z": 3.1449743316852974, "target": 3.307189138830738, "pz": 80.87848539973452, "ub": 3.6742346141747677, "lb": 2.9154759474226504, "px": 0.0}, "20": {"x": 2.348349570550447, "y": 7.651650429449553, "z": 3.3792865633428693, "target": 3.307189138830738, "pz": 80.87848539973452, "ub": 3.6742346141747673, "lb": 2.9154759474226504, "px": 0.0}, "21": {"x": 1.25, "y": 5.000000000000001, "z": 3.357882671245186, "target": 3.307189138830738, "pz": 99.5334272543128, "ub": 3.6742346141747673, "lb": 2.9154759474226504, "px": 0.0}, "22": {"x": 2.3483495705504462, "y": 2.348349570550447, "z": 3.3791914129290355, "target": 3.307189138830738, "pz": 80.87848539973452, "ub": 3.674234614174767, "lb": 2.91547594742265, "px": 0.0}, "23": {"x": 4.999999999999999, "y": 1.25, "z": 3.1450403370007134, "target": 3.307189138830738, "pz": 80.87848539973453, "ub": 3.6742346141747673, "lb": 2.9154759474226504, "px": 0.0}, "24": {"x": 7.651650429449553, "y": 2.3483495705504462, "z": 3.3151607686217517, "target": 3.3071891388307377, "pz": 80.8784853997345, "ub": 3.674234614174767, "lb": 2.9154759474226495, "px": 0.0}, "25": {"x": 10.0, "y": 4.999999999999999, "z": -0.6406940937685668, "is_fixed": true, "target": 6.842386978932306e-16, "pz": 83.72982844048717, "_rx": 35.84101621116056, "_ry": 9.187612507962364e-07, "_rz": -185.6952285395, "ub": 1.6007810593582126, "lb": -0.9999999999999992, "b": [0.25, -4.4408920985006264e-17], "px": 0.0}, "26": {"x": 8.535533905932738, "y": 8.535533905932738, "z": -0.38301988720896374, "is_fixed": true, "target": 0.0, "pz": 65.78772234609706, "_rx": 35.43953055679393, "_ry": 29.486290400985812, "_rz": -196.18316285294463, "ub": 1.600781059358211, "lb": -1.0, "b": [0.1767766952966369, 0.17677669529663687], "px": 0.0}, "27": {"x": 5.0, "y": 10.0, "z": -0.4430746099896511, "is_fixed": true, "target": 0.0, "pz": 65.78772234609707, "_rx": 1.387568241372311e-06, "_ry": 42.60610851094276, "_rz": -188.08596286018633, "ub": 1.6007810593582121, "lb": -1.0, "b": [1.5308084989341915e-17, 0.25], "px": 0.0}, "28": {"x": 1.4644660940672627, "y": 8.535533905932738, "z": -0.479130725190349, "is_fixed": true, "target": 0.0, "pz": 65.78772234609706, "_rx": -27.273124096270056, "_ry": 27.27312426810307, "_rz": -184.84311428234918, "ub": 1.6007810593582121, "lb": -1.0, "b": [-0.17677669529663687, 0.1767766952966369], "px": 0.0}, "29": {"x": 0.0, "y": 5.000000000000001, "z": -0.28530124640835525, "is_fixed": true, "target": 0.0, "pz": 47.84561625170694, "_rx": -52.17686173982918, "_ry": 0.0, "_rz": -199.91753910304936, "ub": 1.6007810593582121, "lb": -1.0, "b": [-0.25, 3.061616997868383e-17], "px": 0.0}, "30": {"x": 1.4644660940672614, "y": 1.4644660940672627, "z": -0.4795664096541014, "is_fixed": true, "target": 0.0, "pz": 65.78772234609706, "_rx": -27.27057175067667, "_ry": -27.27057182402808, "_rz": -184.84247894191617, "ub": 1.6007810593582106, "lb": -1.0, "b": [-0.17677669529663695, -0.1767766952966368], "px": 0.0}, "31": {"x": 4.999999999999999, "y": 0.0, "z": -0.4428446504653122, "is_fixed": true, "target": 0.0, "pz": 65.78772234609706, "_rx": 4.913268290634722e-07, "_ry": -42.608183557280384, "_rz": -188.08633150802504, "ub": 1.6007810593582121, "lb": -1.0, "b": [-4.0203066241915915e-17, -0.25], "px": 0.0},