{"attributes": {"name": "Force", "scale": 1.0, "color.vertex": [255, 255, 255], "color.edge": [0, 0, 0], "color.face": [210, 210, 210]}, "dva": {"x": 0.0, "y": 0.0, "z": 0.0, "is_fixed": false, "is_param": false}, "dea": {"lmin": 0.0, "lmax": 10000000.0, "_a": 0.0, "l": 0.0, "target_vector": null, "target_length": null}, "dfa": {}, "vertex": {"1": {"x": 5.534410981253135, "y": 5.106300953434747, "z": 0.0}, "2": {"x": 5.534410981253135, "y": 4.893699046565253, "z": 0.0}, "16": {"x": 5.453051753804954, "y": 4.697280496235656, "z": 0.0}, "15": {"x": 5.302719503764344, "y": 4.546948246195046, "z": 0.0}, "14": {"x": 5.106300953434747, "y": 4.465589018746865, "z": 0.0}, "13": {"x": 4.893699046565253, "y": 4.465589018746865, "z": 0.0}, "12": {"x": 4.697280496235656, "y": 4.546948246195046, "z": 0.0}, "11": {"x": 4.546948246195046, "y": 4.697280496235656, "z": 0.0}, "10": {"x": 4.465589018746865, "y": 4.893699046565253, "z": 0.0}, "9": {"x": 4.465589018746865, "y": 5.106300953434747, "z": 0.0}, "8": {"x": 4.546948246195046, "y": 5.302719503764344, "z": 0.0}, "7": {"x": 4.697280496235656, "y": 5.453051753804954, "z": 0.0}, "6": {"x": 4.893699046565253, "y": 5.534410981253135, "z": 0.0}, "5": {"x": 5.106300953434747, "y": 5.534410981253135, "z": 0.0}, "4": {"x": 5.302719503764344, "y": 5.453051753804954, "z": 0.0}, "3": {"x": 5.453051753804954, "y": 5.302719503764344, "z": 0.0}, "17": {"x": 6.202424707819555, "y": 5.239177145228181, "z": 0.0}, "18": {"x": 6.202424707819555, "y": 4.760822854771819, "z": 0.0}, "19": {"x": 6.019366446061147, "y": 5.6811188834697735, "z": 0.0}, "20": {"x": 5.6811188834697735, "y": 6.019366446061147, "z": 0.0}, "21": {"x": 5.239177145228181, "y": 6.202424707819555, "z": 0.0}, "22": {"x": 4.760822854771819, "y": 6.202424707819555, "z": 0.0}, "23": {"x": 4.3188811165302265, "y": 6.019366446061147, "z": 0.0}, "24": {"x": 3.980633553938853, "y": 5.6811188834697735, "z": 0.0}, "25": {"x": 3.7975752921804453, "y": 5.239177145228181, "z": 0.0}, "26": {"x": 3.7975752921804453, "y": 4.760822854771819, "z": 0.0}, "27": {"x": 3.980633553938853, "y": 4.3188811165302265, "z": 0.0}, "28": {"x": 4.3188811165302265, "y": 3.9806335539388535, "z": 0.0}, "29": {"x": 4.760822854771819, "y": 3.797575292180446, "z": 0.0}, "30": {"x": 5.239177145228181, "y": 3.7975752921804458, "z": 0.0}, "31": {"x": 5.6811188834697735, "y": 3.9806335539388535, "z": 0.0}, "32": {"x": 6.019366446061147, "y": 4.3188811165302265, "z": 0.0}, "33": {"x": 7.004041179699257, "y": 5.398628575380302, "z": 0.0}, "34": {"x": 7.004041179699256, "y": 4.601371424619698, "z": 0.0}, "35": {"x": 6.698944076768578, "y": 6.135198139116289, "z": 0.0}, "36": {"x": 6.135198139116289, "y": 6.698944076768578, "z": 0.0}, "37": {"x": 5.398628575380302, "y": 7.004041179699257, "z": 0.0}, "38": {"x": 4.601371424619698, "y": 7.004041179699257, "z": 0.0}, "39": {"x": 3.864801860883711, "y": 6.698944076768578, "z": 0.0}, "40": {"x": 3.3010559232314223, "y": 6.135198139116289, "z": 0.0}, "41": {"x": 2.995958820300743, "y": 5.398628575380302, "z": 0.0}, "42": {"x": 2.995958820300743, "y": 4.601371424619698, "z": 0.0}, "43": {"x": 3.3010559232314227, "y": 3.864801860883711, "z": 0.0}, "44": {"x": 3.864801860883711, "y": 3.3010559232314227, "z": 0.0}, "45": {"x": 4.601371424619698, "y": 2.9959588203007432, "z": 0.0}, "46": {"x": 5.398628575380302, "y": 2.995958820300743, "z": 0.0}, "47": {"x": 6.135198139116289, "y": 3.3010559232314227, "z": 0.0}, "48": {"x": 6.698944076768577, "y": 3.864801860883711, "z": 0.0}, "49": {"x": 7.80565765157896, "y": 5.558080005532423, "z": 0.0}, "50": {"x": 7.80565765157896, "y": 4.441919994467575, "z": 0.0}, "51": {"x": 7.3785217074760086, "y": 6.589277394762805, "z": 0.0}, "52": {"x": 6.589277394762805, "y": 7.378521707476009, "z": 0.0}, "53": {"x": 5.558080005532423, "y": 7.80565765157896, "z": 0.0}, "54": {"x": 4.441919994467577, "y": 7.80565765157896, "z": 0.0}, "55": {"x": 3.4107226052371957, "y": 7.3785217074760086, "z": 0.0}, "56": {"x": 2.6214782925239914, "y": 6.589277394762805, "z": 0.0}, "57": {"x": 2.19434234842104, "y": 5.558080005532423, "z": 0.0}, "58": {"x": 2.19434234842104, "y": 4.441919994467577, "z": 0.0}, "59": {"x": 2.6214782925239914, "y": 3.4107226052371957, "z": 0.0}, "60": {"x": 3.4107226052371944, "y": 2.6214782925239923, "z": 0.0}, "61": {"x": 4.441919994467576, "y": 2.1943423484210403, "z": 0.0}, "62": {"x": 5.558080005532423, "y": 2.1943423484210403, "z": 0.0}, "63": {"x": 6.589277394762805, "y": 2.6214782925239914, "z": 0.0}, "64": {"x": 7.378521707476008, "y": 3.4107226052371944, "z": 0.0}, "65": {"x": 8.607274123458662, "y": 5.717531435684543, "z": 0.0}, "66": {"x": 8.607274123458662, "y": 4.2824685643154545, "z": 0.0}, "67": {"x": 8.058099338183439, "y": 7.04335665040932, "z": 0.0}, "68": {"x": 7.04335665040932, "y": 8.058099338183439, "z": 0.0}, "69": {"x": 5.717531435684544, "y": 8.607274123458662, "z": 0.0}, "70": {"x": 4.282468564315456, "y": 8.607274123458662, "z": 0.0}, "71": {"x": 2.95664334959068, "y": 8.058099338183439, "z": 0.0}, "72": {"x": 1.9419006618165604, "y": 7.04335665040932, "z": 0.0}, "73": {"x": 1.392725876541337, "y": 5.717531435684544, "z": 0.0}, "74": {"x": 1.392725876541337, "y": 4.282468564315456, "z": 0.0}, "75": {"x": 1.9419006618165602, "y": 2.95664334959068, "z": 0.0}, "76": {"x": 2.9566433495906783, "y": 1.941900661816561, "z": 0.0}, "77": {"x": 4.282468564315455, "y": 1.3927258765413375, "z": 0.0}, "78": {"x": 5.717531435684544, "y": 1.3927258765413373, "z": 0.0}, "79": {"x": 7.04335665040932, "y": 1.9419006618165604, "z": 0.0}, "80": {"x": 8.058099338183439, "y": 2.9566433495906783, "z": 0.0}, "81": {"x": 9.408890595338367, "y": 5.876982865836664, "z": 0.0}, "82": {"x": 9.408890595338365, "y": 4.123017134163334, "z": 0.0}, "83": {"x": 8.73767696889087, "y": 7.497435906055836, "z": 0.0}, "84": {"x": 7.497435906055836, "y": 8.73767696889087, "z": 0.0}, "85": {"x": 5.8769828658366645, "y": 9.408890595338367, "z": 0.0}, "86": {"x": 4.1230171341633355, "y": 9.408890595338367, "z": 0.0}, "87": {"x": 2.5025640939441645, "y": 8.73767696889087, "z": 0.0}, "88": {"x": 1.2623230311091298, "y": 7.497435906055836, "z": 0.0}, "89": {"x": 0.5911094046616343, "y": 5.8769828658366645, "z": 0.0}, "90": {"x": 0.5911094046616343, "y": 4.123017134163337, "z": 0.0}, "91": {"x": 1.2623230311091291, "y": 2.502564093944165, "z": 0.0}, "92": {"x": 2.5025640939441627, "y": 1.2623230311091305, "z": 0.0}, "93": {"x": 4.123017134163334, "y": 0.5911094046616351, "z": 0.0}, "94": {"x": 5.8769828658366645, "y": 0.5911094046616348, "z": 0.0}, "95": {"x": 7.497435906055836, "y": 1.2623230311091296, "z": 0.0}, "96": {"x": 8.73767696889087, "y": 2.5025640939441627, "z": 0.0}}, "face": {"0": [1, 2, 16, 15, 14, 13, 12, 11, 10, 9, 8, 7, 6, 5, 4, 3], "1": [2, 1, 17, 18], "2": [17, 1, 3, 19], "3": [19, 3, 4, 20], "4": [20, 4, 5, 21], "5": [21, 5, 6, 22], "6": [22, 6, 7, 23], "7": [23, 7, 8, 24], "8": [24, 8, 9, 25], "9": [25, 9, 10, 26], "10": [26, 10, 11, 27], "11": [27, 11, 12, 28], "12": [28, 12, 13, 29], "13": [29, 13, 14, 30], "14": [30, 14, 15, 31], "15": [31, 15, 16, 32], "16": [16, 2, 18, 32], "17": [18, 17, 33, 34], "18": [33, 17, 19, 35], "19": [35, 19, 20, 36], "20": [36, 20, 21, 37], "21": [37, 21, 22, 38], "22": [38, 22, 23, 39], "23": [39, 23, 24, 40], "24": [40, 24, 25, 41], "25": [41, 25, 26, 42], "26": [42, 26, 27, 43], "27": [43, 27, 28, 44], "28": [44, 28, 29, 45], "29": [45, 29, 30, 46], "30": [46, 30, 31, 47], "31": [47, 31, 32, 48], "32": [32, 18, 34, 48], "33": [34, 33, 49, 50], "34": [49, 33, 35, 51], "35": [51, 35, 36, 52], "36": [52, 36, 37, 53], "37": [53, 37, 38, 54], "38": [54, 38, 39, 55], "39": [55, 39, 40, 56], "40": [56, 40, 41, 57], "41": [57, 41, 42, 58], "42": [58, 42, 43, 59], "43": [59, 43, 44, 60], "44": [60, 44, 45, 61], "45": [61, 45, 46, 62], "46": [62, 46, 47, 63], "47": [63, 47, 48, 64], "48": [48, 34, 50, 64], "49": [50, 49, 65, 66], "50": [65, 49, 51, 67], "51": [67, 51, 52, 68],