{"attributes": {"name": "FormDiagram", "loadpath": 0, "indset": ["4.861,0.000,0.000"]}, "dva": {"x": 0.0, "y": 0.0, "z": 0.0, "px": 0.0, "py": 0.0, "pz": 0.0, "t": 1.0, "is_anchor": false, "is_fixed": false, "_rx": 0.0, "_ry": 0.0, "_rz": 0.0, "is_roller": false}, "dea": {"q": 1.0, "lmin": 0.0, "lmax": 10000000.0, "hmin": 0.0, "hmax": 10000000.0, "_h": 0.0, "_f": 0.0, "_l": 0.0, "_a": 0.0, "_is_edge": true, "_is_tension": false, "f": 1.0, "is_symmetry": false, "is_ind": false, "qmin": -10000.0, "qmax": 1e-08}, "dfa": {"_is_loaded": true}, "vertex": {"0": {"x": 0.0, "y": 0.0, "z": 0.19589057483893524, "is_fixed": true, "ub": 0.1958905648389401, "lb": -0.31218769506873867, "target": 0.0, "pz": -0.23052934941657335, "_rx": 1.2583553464500759, "_ry": 0.0, "_rz": 2.2713491032857283, "px": 0.0, "py": 0.0, "tub": -7.669350297714333e-10}, "1": {"x": 0.2777419732057494, "y": -0.0, "z": 0.6463367123277937, "ub": 0.8110812650315732, "lb": 0.6097736507951219, "target": 0.713421436589464, "pz": -0.4610586988331467, "px": 0.0, "py": 0.0, "tub": -7.536061206423986e-09}, "2": {"x": 0.7538404398860263, "y": -0.0, "z": 1.2440389576797586, "ub": 1.3807146076320322, "lb": 1.2440389673689776, "target": 1.3129554221901867, "pz": -0.4610586988331467, "px": 0.0, "py": 0.0, "tub": -7.541127190843609e-09}, "3": {"x": 1.385799334660192, "y": -0.0, "z": 1.8058626957849349, "ub": 1.8058626881940396, "lb": 1.6894354181140114, "target": 1.7450881624233399, "pz": -0.4610586988331467, "px": 0.0, "py": 0.0, "tub": 0.005374510619652246}, "4": {"x": 2.1172106487029736, "y": -0.0, "z": 2.188114031201157, "ub": 2.18811402366646, "lb": 1.9206690563740523, "target": 1.9712479279781565, "pz": -0.4610586988331467, "px": 0.0, "py": 0.0, "tub": 0.16630975316470678}, "5": {"x": 2.8827893512970286, "y": -0.0, "z": 2.307715587256453, "ub": 2.3077155797405866, "lb": 1.9206690563740523, "target": 1.9712479279781567, "pz": -0.9610586988331467, "px": 0.0, "py": 0.0, "tub": 0.2859113092388332}, "6": {"x": 3.6142006653398093, "y": -0.0, "z": 1.8633699224814624, "ub": 1.863369914864263, "lb": 1.6894354181140114, "target": 1.74508816242334, "pz": -0.4610586988331467, "px": 0.0, "py": 0.0, "tub": 0.06288173728987535}, "7": {"x": 4.246159560113973, "y": -0.0, "z": 1.2478950266762368, "ub": 1.380714607632712, "lb": 1.2440389673689787, "target": 1.312955422190188, "pz": -0.4610586988331467, "px": 0.0, "py": 0.0, "tub": -7.54044848016115e-09}, "8": {"x": 4.72225802679425, "y": -0.0, "z": 0.609773643105252, "ub": 0.8110812650380171, "lb": 0.6097736507951228, "target": 0.7134214365894649, "pz": -0.4610586988331467, "px": 0.0, "py": 0.0, "tub": -7.529617959143266e-09}, "9": {"x": 5.0, "y": 0.0, "z": 0.1357481580866618, "is_fixed": true, "ub": 0.19589055800023653, "lb": -0.31218769506873867, "target": 3.3306690738754696e-16, "pz": -0.23052934941657335, "_rx": -1.2583553464500747, "_ry": 0.0, "_rz": 2.3781791862125936, "px": 0.0, "py": 0.0, "tub": -7.605638609268462e-09}}, "face": {"0": [0, 1, 2, 3, 4, 5, 6, 7, 8, 9, 8, 7, 6, 5, 4, 3, 2, 1]}, "facedata": {"0": {}}, "edgedata": {"(0, 1)": {"qmin": -10000.0, "qmax": 1e-08, "q": -4.530663233669384, "f": -2.3975828339646683, "is_ind": false}, "(1, 2)": {"qmin": -10000.0, "qmax": 1e-08, "q": -2.6430569189274915, "f": -2.0196789767059444, "is_ind": false}, "(2, 3)": {"qmin": -10000.0, "qmax": 1e-08, "q": -1.9911980935085292, "f": -1.6837319085036448, "is_ind": false}, "(3, 4)": {"qmin": -10000.0, "qmax": 1e-08, "q": -1.720448292623036, "f": -1.419842722986635, "is_ind": false}, "(4, 5)": {"qmin": -10000.0, "qmax": 1e-08, "q": -1.6436655593818315, "f": -1.2736183980542641, "is_ind": false}, "(5, 6)": {"qmin": -10000.0, "qmax": 1e-08, "q": -1.7204482926230358, "f": -1.4723716506176447, "is_ind": false}, "(6, 7)": {"qmin": -10000.0, "qmax": 1e-08, "q": -1.9911980935085305, "f": -1.7565272378470942, "is_ind": false}, "(7, 8)": {"qmin": -10000.0, "qmax": 1e-08, "q": -2.6430569189274893, "f": -2.1042927183722298, "is_ind": false}, "(8, 9)": {"qmin": -10000.0, "qmax": 1e-08, "q": -4.530663233669377, "f": -2.489148046908713, "is_ind": true}}, "max_vertex": 9, "max_face": 0}