{"attributes": {"name": "FormDiagram", "loadpath": 0, "indset": ["4.925,0.000,0.000"]}, "dva": {"x": 0.0, "y": 0.0, "z": 0.0, "px": 0.0, "py": 0.0, "pz": 0.0, "t": 1.0, "is_anchor": false, "is_fixed": false, "_rx": 0.0, "_ry": 0.0, "_rz": 0.0, "is_roller": false, "tubmax": null, "tlbmax": null, "tub_reac": null}, "dea": {"q": 1.0, "lmin": 0.0, "lmax": 10000000.0, "hmin": 0.0, "hmax": 10000000.0, "_h": 0.0, "_f": 0.0, "_l": 0.0, "_a": 0.0, "_is_edge": true, "_is_tension": false, "f": 1.0, "is_symmetry": false, "is_ind": false, "qmin": -10000.0, "qmax": 1e-08}, "dfa": {"_is_loaded": true}, "vertex": {"0": {"x": 0.0, "y": 0.0, "z": 0.49662741300037166, "is_fixed": true, "ub": 0.7141451106329817, "lb": -0.0, "target": 0.0, "pz": -0.5235768065486617, "tubmax": 0.5, "tlbmax": 0.5, "tub_reacmax": [-0.5, 0], "b": [0.10000000000000009, 0.0], "_rx": 2.219633966696078, "_ry": 0.0, "_rz": 4.905520859710785, "px": 0.0, "py": 0.0, "tub": 2.2677786962341643e-06, "tub_reac": [0.12471233072984639, 0.0]}, "1": {"x": 0.15076844803522862, "y": -0.0, "z": 0.7942705893912262, "ub": 1.114053947734137, "lb": 0.4910306663062827, "target": 0.8550503583141718, "pz": -1.0471536130973234, "tubmax": 0.5, "tlbmax": 0.5, "px": 0.0, "py": 0.0, "tub": 2.2814038932247194e-06}, "2": {"x": 0.5848888922025547, "y": -0.0, "z": 1.446495563764269, "ub": 1.758509965644364, "lb": 1.4464955737197547, "target": 1.6069690242163481, "pz": -1.0471536130973234, "tubmax": 0.5, "tlbmax": 0.5, "px": 0.0, "py": 0.0, "tub": 2.233278411794753e-06}, "3": {"x": 1.2499999999999996, "y": -0.0, "z": 2.131983660924437, "ub": 2.279804887156275, "lb": 2.0487801248547877, "target": 2.1650635094610964, "pz": -1.0471536130973234, "tubmax": 0.5, "tlbmax": 0.5, "px": 0.0, "py": 0.0, "tub": 2.2641206755312203e-06}, "4": {"x": 2.0658795558326735, "y": -0.0, "z": 2.587952937271723, "ub": 2.5879529274762088, "lb": 2.360410862531344, "target": 2.46201938253052, "pz": -1.0471536130973234, "tubmax": 0.5, "tlbmax": 0.5, "px": 0.0, "py": 0.0, "tub": 0.024451525105622134}, "5": {"x": 2.9341204441673248, "y": -0.0, "z": 2.6635765161297447, "ub": 2.663576506179706, "lb": 2.360410862531344, "target": 2.46201938253052, "pz": -1.5471536130973234, "tubmax": 0.5, "tlbmax": 0.5, "px": 0.0, "py": 0.0, "tub": 0.10007510380911923}, "6": {"x": 3.749999999999998, "y": -0.0, "z": 2.165946118314627, "ub": 2.279804859233394, "lb": 2.048780124854788, "target": 2.165063509461097, "pz": -1.0471536130973234, "tubmax": 0.5, "tlbmax": 0.5, "px": 0.0, "py": 0.0, "tub": 2.2361977942562682e-06}, "7": {"x": 4.4151111077974425, "y": -0.0, "z": 1.44649556376297, "ub": 1.758509972962379, "lb": 1.4464955737197547, "target": 1.6069690242163488, "pz": -1.0471536130973234, "tubmax": 0.5, "tlbmax": 0.5, "px": 0.0, "py": 0.0, "tub": 2.240596426795735e-06}, "8": {"x": 4.849231551964769, "y": -0.0, "z": 0.7721031696686858, "ub": 1.1140539534073357, "lb": 0.4910306663062872, "target": 0.8550503583141722, "pz": -1.0471536130973234, "tubmax": 0.5, "tlbmax": 0.5, "px": 0.0, "py": 0.0, "tub": 2.287077089860327e-06}, "9": {"x": 5.0, "y": 0.0, "z": 0.46676132920148555, "is_fixed": true, "ub": 0.7141451003154066, "lb": -0.0, "target": 3.061616997868383e-16, "pz": -0.5235768065486617, "tubmax": 0.5, "tlbmax": 0.5, "tub_reacmax": [0.5, 0], "b": [0.10000000000000009, 0.0], "_rx": -2.2196339666961005, "_ry": 0.0, "_rz": 5.018861658165124, "px": 0.0, "py": 0.0, "tub": 2.257461121125676e-06, "tub_reac": [0.10642913099576636, 0.0]}}, "face": {"0": [0, 1, 2, 3, 4, 5, 6, 7, 8, 9, 8, 7, 6, 5, 4, 3, 2, 1]}, "facedata": {"0": {}}, "edgedata": {"(0, 1)": {"qmin": -10000.0, "qmax": 1e-08, "q": -14.72213845550388, "f": -4.912047295288785, "is_ind": false}, "(1, 2)": {"qmin": -10000.0, "qmax": 1e-08, "q": -5.112945028316955, "f": -4.00594585900241, "is_ind": false}, "(2, 3)": {"qmin": -10000.0, "qmax": 1e-08, "q": -3.337237854960095, "f": -3.1874844624262546, "is_ind": false}, "(3, 4)": {"qmin": -10000.0, "qmax": 1e-08, "q": -2.7205412255130645, "f": -2.5427492109928145, "is_ind": false}, "(4, 5)": {"qmin": -10000.0, "qmax": 1e-08, "q": -2.556472514158479, "f": -2.2280375402236707, "is_ind": false}, "(5, 6)": {"qmin": -10000.0, "qmax": 1e-08, "q": -2.720541225513065, "f": -2.599925845568936, "is_ind": false}, "(6, 7)": {"qmin": -10000.0, "qmax": 1e-08, "q": -3.3372378549600907, "f": -3.26978110947616, "is_ind": false}, "(7, 8)": {"qmin": -10000.0, "qmax": 1e-08, "q": -5.112945028316958, "f": -4.100778460751387, "is_ind": false}, "(8, 9)": {"qmin": -10000.0, "qmax": 1e-08, "q": -14.722138455503762, "f": -5.013418079841687, "is_ind": true}}, "max_vertex": 9, "max_face": 0}