{"attributes": {"name": "FormDiagram", "loadpath": 0.0, "indset": ["1.667,9.167,0.000", "3.333,9.167,0.000", "5.000,9.167,0.000", "6.667,9.167,0.000", "9.167,1.667,0.000", "9.167,3.333,0.000", "9.167,5.000,0.000", "9.167,6.667,0.000", "8.333,9.167,0.000", "9.167,8.333,0.000"]}, "dva": {"x": 0.0, "y": 0.0, "z": 0.0, "px": 0.0, "py": 0.0, "pz": 0.0, "t": 1.0, "is_anchor": false, "is_fixed": false, "_rx": 0.0, "_ry": 0.0, "_rz": 0.0, "is_roller": false}, "dea": {"q": 1.0, "lmin": 0.0, "lmax": 10000000.0, "hmin": 0.0, "hmax": 10000000.0, "_h": 0.0, "_f": 0.0, "_l": 0.0, "_a": 0.0, "_is_edge": true, "_is_tension": false, "f": 1.0, "is_symmetry": false, "is_ind": false, "qmin": -10000.0, "qmax": 1e-08}, "dfa": {"_is_loaded": true}, "vertex": {"0": {"x": 0.0, "y": 1.6666666666666667, "z": 0.0, "is_fixed": true, "pz": 1.0, "is_anchor": true}, "1": {"x": 1.6666666666666667, "y": 0.0, "z": 0.0, "is_fixed": true, "pz": 1.0, "is_anchor": true}, "2": {"x": 0.0, "y": 3.3333333333333335, "z": 0.0, "is_fixed": true, "pz": 1.0, "is_anchor": true}, "3": {"x": 1.6666666666666663, "y": 1.666666666666667, "z": 0.9556962025316456, "pz": 1.0}, "4": {"x": 0.0, "y": 5.0, "z": 0.0, "is_fixed": true, "pz": 1.0, "is_anchor": true}, "5": {"x": 1.6666666666666645, "y": 3.3333333333333335, "z": 1.2447257383966235, "pz": 1.0}, "6": {"x": 0.0, "y": 6.666666666666667, "z": 0.0, "is_fixed": true, "pz": 1.0, "is_anchor": true}, "7": {"x": 1.6666666666666659, "y": 5.0, "z": 0.983122362869198, "pz": 1.0}, "8": {"x": 0.0, "y": 8.333333333333334, "z": 0.0, "is_fixed": true, "pz": 1.0, "is_anchor": true}, "9": {"x": 1.6666666666666654, "y": 6.666666666666667, "z": 1.2447257383966226, "pz": 1.0}, "10": {"x": 1.6666666666666663, "y": 8.333333333333334, "z": 0.9556962025316447, "pz": 1.0}, "11": {"x": 1.6666666666666667, "y": 10.0, "z": 0.0, "is_fixed": true, "pz": 1.0, "is_anchor": true}, "12": {"x": 3.3333333333333335, "y": 0.0, "z": 0.0, "is_fixed": true, "pz": 1.0, "is_anchor": true}, "13": {"x": 3.333333333333334, "y": 1.6666666666666685, "z": 1.244725738396626, "pz": 1.0}, "14": {"x": 3.333333333333333, "y": 3.333333333333333, "z": 1.706751054852321, "pz": 1.0}, "15": {"x": 3.3333333333333317, "y": 5.000000000000001, "z": 1.5021097046413499, "pz": 1.0}, "16": {"x": 3.3333333333333317, "y": 6.666666666666666, "z": 1.7067510548523195, "pz": 1.0}, "17": {"x": 3.333333333333332, "y": 8.333333333333334, "z": 1.2447257383966237, "pz": 1.0}, "18": {"x": 3.3333333333333335, "y": 10.0, "z": 0.0, "is_fixed": true, "pz": 1.0, "is_anchor": true}, "19": {"x": 5.0, "y": 0.0, "z": 0.0, "is_fixed": true, "pz": 1.0, "is_anchor": true}, "20": {"x": 4.999999999999999, "y": 1.6666666666666665, "z": 0.9831223628691986, "pz": 1.0}, "21": {"x": 4.999999999999998, "y": 3.333333333333333, "z": 1.5021097046413505, "pz": 1.0}, "22": {"x": 4.999999999999997, "y": 5.0, "z": 1.5854430379746833, "pz": 1.0}, "23": {"x": 4.999999999999998, "y": 6.666666666666669, "z": 1.5021097046413503, "pz": 1.0}, "24": {"x": 5.0, "y": 8.333333333333337, "z": 0.9831223628691983, "pz": 1.0}, "25": {"x": 5.0, "y": 10.0, "z": 0.0, "is_fixed": true, "pz": 1.0, "is_anchor": true}, "26": {"x": 6.666666666666667, "y": 0.0, "z": 0.0, "is_fixed": true, "pz": 1.0, "is_anchor": true}, "27": {"x": 6.666666666666665, "y": 1.666666666666667, "z": 1.2447257383966246, "pz": 1.0}, "28": {"x": 6.666666666666666, "y": 3.333333333333334, "z": 1.7067510548523206, "pz": 1.0}, "29": {"x": 6.666666666666664, "y": 4.999999999999999, "z": 1.50210970464135, "pz": 1.0}, "30": {"x": 6.666666666666666, "y": 6.666666666666668, "z": 1.7067510548523201, "pz": 1.0}, "31": {"x": 6.666666666666668, "y": 8.333333333333336, "z": 1.244725738396624, "pz": 1.0}, "32": {"x": 6.666666666666667, "y": 10.0, "z": 0.0, "is_fixed": true, "pz": 1.0, "is_anchor": true}, "33": {"x": 8.333333333333334, "y": 0.0, "z": 0.0, "is_fixed": true, "pz": 1.0, "is_anchor": true}, "34": {"x": 8.333333333333334, "y": 1.6666666666666667, "z": 0.9556962025316456, "pz": 1.0}, "35": {"x": 8.333333333333334, "y": 3.333333333333333, "z": 1.2447257383966244, "pz": 1.0}, "36": {"x": 8.333333333333332, "y": 4.999999999999999, "z": 0.9831223628691979, "pz": 1.0}, "37": {"x": 8.33333333333333, "y": 6.666666666666666, "z": 1.2447257383966246, "pz": 1.0}, "38": {"x": 8.333333333333332, "y": 8.333333333333334, "z": 0.9556962025316457, "pz": 1.0}, "39": {"x": 8.333333333333334, "y": 10.0, "z": 0.0, "is_fixed": true, "pz": 1.0, "is_anchor": true}, "40": {"x": 10.0, "y": 1.6666666666666667, "z": 0.0, "is_fixed": true, "pz": 1.0, "is_anchor": true}, "41": {"x": 10.0, "y": 3.3333333333333335, "z": 0.0, "is_fixed": true, "pz": 1.0, "is_anchor": true}, "42": {"x": 10.0, "y": 5.0, "z": 0.0, "is_fixed": true, "pz": 1.0, "is_anchor": true}, "43": {"x": 10.0, "y": 6.666666666666667, "z": 0.0, "is_fixed": true, "pz": 1.0, "is_anchor": true}, "44": {"x": 10.0, "y": 8.333333333333334, "z": 0.0, "is_fixed": true, "pz": 1.0, "is_anchor": true}}, "face": {"0": [2, 0, 3, 5], "1": [3, 1, 12, 13], "2": [4, 2, 5, 7], "3": [5, 3, 13, 14], "4": [6, 4, 7, 9], "5": [7, 5, 14, 15], "6": [8, 6, 9, 10], "7": [9, 7, 15, 16], "8": [10, 9, 16, 17], "9": [11, 10, 17, 18], "10": [13, 12, 19, 20], "11": [14, 13, 20, 21], "12": [15, 14, 21, 22], "13": [16, 15, 22, 23], "14": [17, 16, 23, 24], "15": [18, 17, 24, 25], "16": [20, 19, 26, 27], "17": [21, 20, 27, 28], "18": [22, 21, 28, 29], "19": [23, 22, 29, 30], "20": [24, 23, 30, 31], "21": [25, 24, 31, 32], "22": [27, 26, 33, 34], "23": [28, 27, 34, 35], "24": [29, 28, 35, 36], "25": [30, 29, 36, 37], "26": [31, 30, 37, 38], "27": [32, 31, 38, 39], "28": [35, 34, 40, 41], "29": [36, 35, 41, 42], "30": [37, 36, 42, 43], "31": [38, 37, 43, 44], "32": [1, 3, 0], "33": [8, 10, 11], "34": [40, 34, 33], "35": [39, 38, 44]}, "facedata": {"0": {}, "1": {}, "2": {}, "3": {}, "4": {}, "5": {}, "6": {}, "7": {}, "8": {}, "9": {}, "10": {}, "11": {}, "12": {}, "13": {}, "14": {}, "15": {}, "16": {}, "17": {}, "18": {}, "19": {}, "20": {}, "21": {}, "22": {}, "23": {}, "24": {}, "25": {}, "26": {}, "27": {}, "28": {}, "29": {}, "30": {}, "31": {}, "32": {}, "33": {}, "34": {}, "35": {}}, "edgedata": {"(0, 2)": {"_is_edge": false}, "(2, 4)": {"_is_edge": false}, "(4, 6)": {"_is_edge": false}, "(6, 8)": {"_is_edge": false}, "(8, 11)": {"_is_edge": false}, "(11, 18)": {"_is_edge": false}, "(18, 25)": {"_is_edge": false}, "(25, 32)": {"_is_edge": false}, "(32, 39)": {"_is_edge": false}, "(39, 44)": {"_is_edge": false}, "(43, 44)": {"_is_edge": false}, "(42, 43)": {"_is_edge": false}, "(41, 42)": {"_is_edge": false}, "(40, 41)": {"_is_edge": false}, "(33, 40)": {"_is_edge": false}, "(26, 33)": {"_is_edge": false}, "(19, 26)": {"_is_edge": false}, "(12, 19)": {"_is_edge": false}, "(1, 12)": {"_is_edge": false}, "(0, 1)": {"_is_edge": false}, "(0, 3)": {"is_ind": false, "q": 0.7499999999999999}, "(1, 3)": {"is_ind": false, "q": 0.7500000000000002}, "(2, 5)": {"is_ind": false, "q": 0.7500000000000018}, "(3, 5)": {"is_ind": false, "q": 0.7500000000000003}, "(3, 13)": {"is_ind": false, "q": 0.75}, "(4, 7)": {"is_ind": false, "q": 2.9999999999999996}, "(5, 7)": {"is_ind": false, "q": 0.7500000000000008}, "(5, 14)": {"is_ind": false, "q": 0.7499999999999991}, "(6, 9)": {"is_ind": false, "q": 0.7500000000000046}, "(7, 9)": {"is_ind": false, "q": 0.7500000000000004}, "(7, 15)": {"is_ind": false, "q": 3.0}, "(8, 10)": {"is_ind": false, "q": 0.7500000000000011}, "(9, 10)": {"is_ind": false, "q": 0.7499999999999998}, "(9, 16)": {"is_ind": false, "q": 0.7500000000000037}, "(10, 17)": {"is_ind": false, "q": 0.7500000000000016}, "(10, 11)": {"is_ind": true, "q": 0.75}, "(12, 13)": {"is_ind": false, "q": 0.7499999999999978}, "(13, 14)": {"is_ind": false, "q": 0.7500000000000009}, "(13, 20)": {"is_ind": false, "q": 0.7500000000000007}, "(14, 15)": {"is_ind": false, "q": 0.749999999999999}, "(14, 21)": {"is_ind": false, "q": 0.7500000000000001}, "(15, 16)": {"is_ind": false, "q": 0.7500000000000017},