{"attributes": {"name": "FormDiagram", "loadpath": 0, "indset": ["4.925,0.000,0.000"]}, "dva": {"x": 0.0, "y": 0.0, "z": 0.0, "px": 0.0, "py": 0.0, "pz": 0.0, "t": 1.0, "is_anchor": false, "is_fixed": false, "_rx": 0.0, "_ry": 0.0, "_rz": 0.0, "is_roller": false, "tubmax": null, "tlbmax": null, "tub_reac": null}, "dea": {"q": 1.0, "lmin": 0.0, "lmax": 10000000.0, "hmin": 0.0, "hmax": 10000000.0, "_h": 0.0, "_f": 0.0, "_l": 0.0, "_a": 0.0, "_is_edge": true, "_is_tension": false, "f": 1.0, "is_symmetry": false, "is_ind": false, "qmin": -10000.0, "qmax": 1e-08}, "dfa": {"_is_loaded": true}, "vertex": {"0": {"x": 0.0, "y": 0.0, "z": 0.49662731566604, "is_fixed": true, "ub": 0.7141450739471398, "lb": -0.0, "target": 0.0, "pz": -0.5235768065486617, "tubmax": 0.5, "tlbmax": 0.5, "tub_reacmax": [-0.5, 0], "b": [0.10000000000000009, 0.0], "px": 0.0, "py": 0.0, "_rx": 2.2196337392470724, "_ry": 0.0, "_rz": 4.9055208597107836, "tub": 2.23109285431855e-06, "tub_reac": [0.12471226366174358, 0.0]}, "1": {"x": 0.15076844803522868, "y": -0.0, "z": 0.7942705225568113, "ub": 1.1140538974207461, "lb": 0.4910306663062827, "target": 0.8550503583141718, "pz": -1.0471536130973234, "tubmax": 0.5, "tlbmax": 0.5, "px": 0.0, "py": 0.0, "tub": 2.231090502451683e-06}, "2": {"x": 0.5848888922025548, "y": -0.0, "z": 1.4464955637642682, "ub": 1.7585099634562875, "lb": 1.4464955737197547, "target": 1.6069690242163481, "pz": -1.0471536130973234, "tubmax": 0.5, "tlbmax": 0.5, "px": 0.0, "py": 0.0, "tub": 2.2310903352981928e-06}, "3": {"x": 1.2499999999999998, "y": -0.0, "z": 2.1319837311673697, "ub": 2.279804853890637, "lb": 2.0487801248547877, "target": 2.1650635094610964, "pz": -1.0471536130973234, "tubmax": 0.5, "tlbmax": 0.5, "px": 0.0, "py": 0.0, "tub": 2.2308550370427074e-06}, "4": {"x": 2.065879555832674, "y": -0.0, "z": 2.5879530542384725, "ub": 2.5879530444429584, "lb": 2.360410862531344, "target": 2.46201938253052, "pz": -1.0471536130973234, "tubmax": 0.5, "tlbmax": 0.5, "px": 0.0, "py": 0.0, "tub": 0.024451642072371767}, "5": {"x": 2.934120444167325, "y": -0.0, "z": 2.663576640845749, "ub": 2.6635766308957125, "lb": 2.360410862531344, "target": 2.46201938253052, "pz": -1.5471536130973234, "tubmax": 0.5, "tlbmax": 0.5, "px": 0.0, "py": 0.0, "tub": 0.10007522852512594}, "6": {"x": 3.7499999999999996, "y": -0.0, "z": 2.165946192037741, "ub": 2.2798048540693863, "lb": 2.048780124854788, "target": 2.165063509461097, "pz": -1.0471536130973234, "tubmax": 0.5, "tlbmax": 0.5, "px": 0.0, "py": 0.0, "tub": 2.2310337863770934e-06}, "7": {"x": 4.415111107797446, "y": -0.0, "z": 1.4464955637629695, "ub": 1.7585099634563504, "lb": 1.4464955737197547, "target": 1.6069690242163488, "pz": -1.0471536130973234, "tubmax": 0.5, "tlbmax": 0.5, "px": 0.0, "py": 0.0, "tub": 2.2310903983067024e-06}, "8": {"x": 4.849231551964771, "y": -0.0, "z": 0.7721031005627439, "ub": 1.1140538974205063, "lb": 0.4910306663062872, "target": 0.8550503583141722, "pz": -1.0471536130973234, "tubmax": 0.5, "tlbmax": 0.5, "px": 0.0, "py": 0.0, "tub": 2.231090260608395e-06}, "9": {"x": 5.0, "y": 0.0, "z": 0.46676122880673354, "is_fixed": true, "ub": 0.7141450739463565, "lb": -0.0, "target": 3.061616997868383e-16, "pz": -0.5235768065486617, "tubmax": 0.5, "tlbmax": 0.5, "tub_reacmax": [0.5, 0], "b": [0.10000000000000009, 0.0], "px": 0.0, "py": 0.0, "_rx": -2.219633739247055, "_ry": 0.0, "_rz": 5.018861658165129, "tub": 2.231092071116321e-06, "tub_reac": [0.10642906544225908, 0.0]}}, "face": {"0": [0, 1, 2, 3, 4, 5, 6, 7, 8, 9, 8, 7, 6, 5, 4, 3, 2, 1]}, "facedata": {"0": {}}, "edgedata": {"(0, 1)": {"qmin": -10000.0, "qmax": 1e-08, "is_ind": false, "q": -14.722136946905701, "f": -4.912047192510148}, "(1, 2)": {"qmin": -10000.0, "qmax": 1e-08, "is_ind": false, "q": -5.112944504386306, "f": -4.005945732976361}, "(2, 3)": {"qmin": -10000.0, "qmax": 1e-08, "is_ind": false, "q": -3.337237512988651, "f": -3.187484304040061}, "(3, 4)": {"qmin": -10000.0, "qmax": 1e-08, "is_ind": false, "q": -2.720540946735389, "f": -2.542749012446482}, "(4, 5)": {"qmin": -10000.0, "qmax": 1e-08, "is_ind": false, "q": -2.5564722521931547, "f": -2.2280373136325426}, "(5, 6)": {"qmin": -10000.0, "qmax": 1e-08, "is_ind": false, "q": -2.7205409467353894, "f": -2.5999256513889653}, "(6, 7)": {"qmin": -10000.0, "qmax": 1e-08, "is_ind": false, "q": -3.3372375129886467, "f": -3.2697809550763703}, "(7, 8)": {"qmin": -10000.0, "qmax": 1e-08, "is_ind": false, "q": -5.112944504386309, "f": -4.1007783376397535}, "(8, 9)": {"qmin": -10000.0, "qmax": 1e-08, "is_ind": true, "q": -14.722136946905584, "f": -5.01341797914121}}, "max_vertex": 9, "max_face": 0}