{"attributes": {"name": "FormDiagram", "loadpath": 0, "indset": ["4.806,0.000,0.000"]}, "dva": {"x": 0.0, "y": 0.0, "z": 0.0, "px": 0.0, "py": 0.0, "pz": 0.0, "t": 1.0, "is_anchor": false, "is_fixed": false, "_rx": 0.0, "_ry": 0.0, "_rz": 0.0, "is_roller": false}, "dea": {"q": 1.0, "lmin": 0.0, "lmax": 10000000.0, "hmin": 0.0, "hmax": 10000000.0, "_h": 0.0, "_f": 0.0, "_l": 0.0, "_a": 0.0, "_is_edge": true, "_is_tension": false, "f": 1.0, "is_symmetry": false, "is_ind": false, "qmin": -10000.0, "qmax": 1e-08}, "dfa": {"_is_loaded": true}, "vertex": {"0": {"x": 0.0, "y": 0.0, "z": 0.1031941253772837, "is_fixed": true, "ub": 0.10327771346230782, "lb": -0.1098365231844689, "target": -2.220446049250313e-16, "pz": -0.20415442218576077, "_rx": 1.7103516896352722, "_ry": 0.0, "_rz": 2.034381388078145, "px": 0.0, "py": 0.0, "tub": 8.35980112084683e-05}, "1": {"x": 0.3889441982899854, "y": -0.0, "z": 0.5193986780734179, "ub": 0.6306628131490284, "lb": 0.4806092915892233, "target": 0.5564341602605924, "pz": -0.40830884437152154, "px": 0.0, "py": 0.0, "tub": 5.762575988280287e-05}, "2": {"x": 0.8990898538874085, "y": -0.0, "z": 0.9435134123148903, "ub": 1.0647850513054051, "lb": 0.9435134222736856, "target": 1.0043716270608436, "pz": -0.40830884437152154, "px": 0.0, "py": 0.0, "tub": 5.712287229378845e-05}, "3": {"x": 1.5011481167072165, "y": -0.0, "z": 1.300312452112786, "ub": 1.3715162679676256, "lb": 1.2645964885992966, "target": 1.3180950916897216, "pz": -0.40830884437152154, "px": 0.0, "py": 0.0, "tub": 5.644352464357919e-05}, "4": {"x": 2.1605531838091743, "y": -0.0, "z": 1.533678592487002, "ub": 1.5336785838277134, "lb": 1.4292235083302653, "target": 1.4795928364684423, "pz": -0.40830884437152154, "px": 0.0, "py": 0.0, "tub": 0.003729365597366124}, "5": {"x": 2.839446816190825, "y": -0.0, "z": 1.6118708939956479, "ub": 1.6118708840566824, "lb": 1.4292235083302653, "target": 1.4795928364684428, "pz": -0.9083088443715215, "px": 0.0, "py": 0.0, "tub": 0.08192166582633503}, "6": {"x": 3.498851883292784, "y": -0.0, "z": 1.337631270798298, "ub": 1.3715153492342322, "lb": 1.2645964885992966, "target": 1.3180950916897216, "pz": -0.40830884437152154, "px": 0.0, "py": 0.0, "tub": 5.552479125016649e-05}, "7": {"x": 4.10091014611259, "y": -0.0, "z": 0.9435134124295317, "ub": 1.064784681430732, "lb": 0.9435134222736865, "target": 1.004371627060845, "pz": -0.40830884437152154, "px": 0.0, "py": 0.0, "tub": 5.675299761949896e-05}, "8": {"x": 4.611055801710015, "y": -0.0, "z": 0.48777709878012476, "ub": 0.6306627000325458, "lb": 0.4806092915892233, "target": 0.5564341602605924, "pz": -0.40830884437152154, "px": 0.0, "py": 0.0, "tub": 5.751264340014908e-05}, "9": {"x": 5.0, "y": 0.0, "z": 0.04746368674835912, "is_fixed": true, "ub": 0.10325189561240028, "lb": -0.1098365231844689, "target": 4.501139077833922e-16, "pz": -0.20415442218576077, "_rx": -1.7103516896352686, "_ry": 0.0, "_rz": 2.140398211265549, "px": 0.0, "py": 0.0, "tub": 5.778016130092264e-05}}, "face": {"0": [0, 1, 2, 3, 4, 5, 6, 7, 8, 9, 8, 7, 6, 5, 4, 3, 2, 1]}, "facedata": {"0": {}}, "edgedata": {"(0, 1)": {"qmin": -10000.0, "qmax": 1e-08, "q": -4.397421782237472, "f": -2.505001726330318, "is_ind": false}, "(1, 2)": {"qmin": -10000.0, "qmax": 1e-08, "q": -3.3526732431589714, "f": -2.224219873696764, "is_ind": false}, "(2, 3)": {"qmin": -10000.0, "qmax": 1e-08, "q": -2.840840820994046, "f": -1.9881415113018093, "is_ind": false}, "(3, 4)": {"qmin": -10000.0, "qmax": 1e-08, "q": -2.593780022273951, "f": -1.8143019363268194, "is_ind": false}, "(4, 5)": {"qmin": -10000.0, "qmax": 1e-08, "q": -2.5193220381742707, "f": -1.7216586735299984, "is_ind": false}, "(5, 6)": {"qmin": -10000.0, "qmax": 1e-08, "q": -2.593780022273949, "f": -1.8523701414328968, "is_ind": false}, "(6, 7)": {"qmin": -10000.0, "qmax": 1e-08, "q": -2.840840820994053, "f": -2.0442273618150932, "is_ind": false}, "(7, 8)": {"qmin": -10000.0, "qmax": 1e-08, "q": -3.3526732431589594, "f": -2.2934445922016256, "is_ind": false}, "(8, 9)": {"qmin": -10000.0, "qmax": 1e-08, "q": -4.397421782237469, "f": -2.58347496852365, "is_ind": true}}, "max_vertex": 9, "max_face": 0}