{"attributes": {"name": "FormDiagram", "loadpath": 0, "indset": ["4.925,0.000,0.000"]}, "dva": {"x": 0.0, "y": 0.0, "z": 0.0, "px": 0.0, "py": 0.0, "pz": 0.0, "t": 1.0, "is_anchor": false, "is_fixed": false, "_rx": 0.0, "_ry": 0.0, "_rz": 0.0, "is_roller": false, "tubmax": null, "tlbmax": null, "tub_reac": null}, "dea": {"q": 1.0, "lmin": 0.0, "lmax": 10000000.0, "hmin": 0.0, "hmax": 10000000.0, "_h": 0.0, "_f": 0.0, "_l": 0.0, "_a": 0.0, "_is_edge": true, "_is_tension": false, "f": 1.0, "is_symmetry": false, "is_ind": false, "qmin": -10000.0, "qmax": 1e-08}, "dfa": {"_is_loaded": true}, "vertex": {"0": {"x": 0.0, "y": 0.0, "z": 0.27303023585701447, "is_fixed": true, "ub": 0.7141979844101567, "lb": -0.0, "target": 0.0, "pz": -0.5235768065486617, "tubmax": 0.5, "tlbmax": 0.5, "tub_reacmax": [-0.5, 0], "b": [0.10000000000000009, 0.0], "px": 0.0, "py": 0.0, "_rx": 1.796695276165795, "_ry": 0.0, "_rz": 4.905520859718343, "tub": 5.5141555871281946e-05}, "1": {"x": 0.15076844803522843, "y": -0.0, "z": 0.6407380564527576, "ub": 1.1141068257109588, "lb": 0.4910306663062827, "target": 0.8550503583141718, "pz": -1.0471536130973234, "tubmax": 0.5, "tlbmax": 0.5, "px": 0.0, "py": 0.0, "tub": 5.51593807150325e-05}, "2": {"x": 0.5848888922025539, "y": -0.0, "z": 1.4464955637238859, "ub": 1.7585631483783026, "lb": 1.4464955737197547, "target": 1.6069690242163481, "pz": -1.0471536130973234, "tubmax": 0.5, "tlbmax": 0.5, "px": 0.0, "py": 0.0, "tub": 5.5416012350576134e-05}, "3": {"x": 1.249999999999998, "y": -0.0, "z": 2.2933462703582315, "ub": 2.293346260727409, "lb": 2.0487801248547877, "target": 2.1650635094610964, "pz": -1.0471536130973234, "tubmax": 0.5, "tlbmax": 0.5, "px": 0.0, "py": 0.0, "tub": 0.01354363769180953}, "4": {"x": 2.0658795558326712, "y": -0.0, "z": 2.8566498572170196, "ub": 2.8566498472340767, "lb": 2.360410862531344, "target": 2.46201938253052, "pz": -1.0471536130973234, "tubmax": 0.5, "tlbmax": 0.5, "px": 0.0, "py": 0.0, "tub": 0.29314844486349007}, "5": {"x": 2.934120444167322, "y": -0.0, "z": 2.9500750843825068, "ub": 2.9500750743954423, "lb": 2.360410862531344, "target": 2.46201938253052, "pz": -1.5471536130973234, "tubmax": 0.5, "tlbmax": 0.5, "px": 0.0, "py": 0.0, "tub": 0.38657367202485565}, "6": {"x": 3.749999999999996, "y": -0.0, "z": 2.335303426384993, "ub": 2.3353034164750825, "lb": 2.048780124854788, "target": 2.165063509461097, "pz": -1.0471536130973234, "tubmax": 0.5, "tlbmax": 0.5, "px": 0.0, "py": 0.0, "tub": 0.05550079343948253}, "7": {"x": 4.4151111077974425, "y": -0.0, "z": 1.4464955637383974, "ub": 1.7585632576095676, "lb": 1.4464955737197547, "target": 1.6069690242163488, "pz": -1.0471536130973234, "tubmax": 0.5, "tlbmax": 0.5, "px": 0.0, "py": 0.0, "tub": 5.552524361529684e-05}, "8": {"x": 4.849231551964769, "y": -0.0, "z": 0.6133524678182494, "ub": 1.114106869249991, "lb": 0.4910306663062872, "target": 0.8550503583141722, "pz": -1.0471536130973234, "tubmax": 0.5, "tlbmax": 0.5, "px": 0.0, "py": 0.0, "tub": 5.5202919745133866e-05}, "9": {"x": 5.0, "y": 0.0, "z": 0.23613373209602626, "is_fixed": true, "ub": 0.7141980544427188, "lb": -0.0, "target": 3.061616997868383e-16, "pz": -0.5235768065486617, "tubmax": 0.5, "tlbmax": 0.5, "tub_reacmax": [0.5, 0], "b": [0.10000000000000009, 0.0], "px": 0.0, "py": 0.0, "_rx": -1.7966952761658155, "_ry": 0.0, "_rz": 5.018861658157563, "tub": 5.521158843332301e-05}}, "face": {"0": [0, 1, 2, 3, 4, 5, 6, 7, 8, 9, 8, 7, 6, 5, 4, 3, 2, 1]}, "facedata": {"0": {}}, "edgedata": {"(0, 1)": {"qmin": -10000.0, "qmax": 1e-08, "is_ind": false, "q": -11.916918291458307, "f": -4.735984332797736}, "(1, 2)": {"qmin": -10000.0, "qmax": 1e-08, "is_ind": false, "q": -4.1387022894348755, "f": -3.7879996296983016}, "(2, 3)": {"qmin": -10000.0, "qmax": 1e-08, "is_ind": false, "q": -2.70134606850224, "f": -2.9088479106905676}, "(3, 4)": {"qmin": -10000.0, "qmax": 1e-08, "is_ind": false, "q": -2.202157491655883, "f": -2.1833260222213395}, "(4, 5)": {"qmin": -10000.0, "qmax": 1e-08, "is_ind": false, "q": -2.069351144717439, "f": -1.8070667530377482}, "(5, 6)": {"qmin": -10000.0, "qmax": 1e-08, "is_ind": false, "q": -2.2021574916558833, "f": -2.249656278572887}, "(6, 7)": {"qmin": -10000.0, "qmax": 1e-08, "is_ind": false, "q": -2.701346068502236, "f": -2.9988010059249315}, "(7, 8)": {"qmin": -10000.0, "qmax": 1e-08, "is_ind": false, "q": -4.138702289434878, "f": -3.888151611421022}, "(8, 9)": {"qmin": -10000.0, "qmax": 1e-08, "is_ind": true, "q": -11.916918291458211, "f": -4.841043256623619}}, "max_vertex": 9, "max_face": 0}