{"attributes": {"name": "FormDiagram", "loadpath": 0, "indset": ["4.925,0.000,0.000"]}, "dva": {"x": 0.0, "y": 0.0, "z": 0.0, "px": 0.0, "py": 0.0, "pz": 0.0, "t": 1.0, "is_anchor": false, "is_fixed": false, "_rx": 0.0, "_ry": 0.0, "_rz": 0.0, "is_roller": false, "tubmax": null, "tlbmax": null, "tub_reac": null}, "dea": {"q": 1.0, "lmin": 0.0, "lmax": 10000000.0, "hmin": 0.0, "hmax": 10000000.0, "_h": 0.0, "_f": 0.0, "_l": 0.0, "_a": 0.0, "_is_edge": true, "_is_tension": false, "f": 1.0, "is_symmetry": false, "is_ind": false, "qmin": -10000.0, "qmax": 1e-08}, "dfa": {"_is_loaded": true}, "vertex": {"0": {"x": 0.0, "y": 0.0, "z": 0.23595679142370676, "is_fixed": true, "ub": 0.714145074204518, "lb": -2.2313610286894243e-06, "target": 0.0, "pz": -0.5235768065486617, "tubmax": 0.5, "tlbmax": 0.5, "tub_reacmax": 0.5, "b": [0.10000000000000009, 0.0], "px": 0.0, "py": 0.0, "_rx": 2.085296436207352, "_ry": 0.0, "_rz": 4.920448104855938, "tub": 2.2313502325602943e-06, "tlb": 2.2313610286894243e-06}, "1": {"x": 0.15076844803522854, "y": -0.0, "z": 0.5538537821566405, "ub": 1.1140538972467204, "lb": 0.4910284353186195, "target": 0.8550503583141718, "pz": -1.0471536130973234, "tubmax": 0.5, "tlbmax": 0.5, "tub_reacmax": 0.5, "px": 0.0, "py": 0.0, "tub": 2.2309164766512046e-06, "tlb": 2.2309876632212926e-06}, "2": {"x": 0.5848888922025545, "y": -0.0, "z": 1.2512035229845169, "ub": 1.7585099649227005, "lb": 1.251201290574216, "target": 1.6069690242163481, "pz": -1.0471536130973234, "tubmax": 0.5, "tlbmax": 0.5, "tub_reacmax": 0.5, "px": 0.0, "py": 0.0, "tub": 2.232556748470624e-06, "tlb": 0.19529428314553868}, "3": {"x": 1.2499999999999991, "y": -0.0, "z": 1.9856127485442083, "ub": 2.279804857370844, "lb": 1.985610514162764, "target": 2.1650635094610964, "pz": -1.0471536130973234, "tubmax": 0.5, "tlbmax": 0.5, "tub_reacmax": 0.5, "px": 0.0, "py": 0.0, "tub": 2.2343352443042562e-06, "tlb": 0.06316961069202358}, "4": {"x": 2.065879555832673, "y": -0.0, "z": 2.4767965006020156, "ub": 2.563503633740092, "lb": 2.360408631175154, "target": 2.46201938253052, "pz": -1.0471536130973234, "tubmax": 0.5, "tlbmax": 0.5, "tub_reacmax": 0.5, "px": 0.0, "py": 0.0, "tub": 2.2313695050171416e-06, "tlb": 2.2313561900196033e-06}, "5": {"x": 2.9341204441673243, "y": -0.0, "z": 2.563507006485996, "ub": 2.5635078732271714, "lb": 2.3604101002391293, "target": 2.46201938253052, "pz": -1.5471536130973234, "tubmax": 0.5, "tlbmax": 0.5, "tub_reacmax": 0.5, "px": 0.0, "py": 0.0, "tub": 6.470856584675449e-06, "tlb": 7.622922145617757e-07}, "6": {"x": 3.7499999999999973, "y": -0.0, "z": 2.03965894309082, "ub": 2.279804852348377, "lb": 2.0396567131925525, "target": 2.165063509461097, "pz": -1.0471536130973234, "tubmax": 0.5, "tlbmax": 0.5, "tub_reacmax": 0.5, "px": 0.0, "py": 0.0, "tub": 2.229312776861495e-06, "tlb": 0.009123411662235582}, "7": {"x": 4.415111107797443, "y": -0.0, "z": 1.2786215269560302, "ub": 1.758509962083674, "lb": 1.2786192971473516, "target": 1.6069690242163488, "pz": -1.0471536130973234, "tubmax": 0.5, "tlbmax": 0.5, "tub_reacmax": 0.5, "px": 0.0, "py": 0.0, "tub": 2.2297177218461095e-06, "tlb": 0.16787627657240312}, "8": {"x": 4.8492315519647695, "y": -0.0, "z": 0.5638914690889243, "ub": 1.1140538966539069, "lb": 0.49102843592266443, "target": 0.8550503583141722, "pz": -1.0471536130973234, "tubmax": 0.5, "tlbmax": 0.5, "tub_reacmax": 0.5, "px": 0.0, "py": 0.0, "tub": 2.2303236610748187e-06, "tlb": 2.2303836228144043e-06}, "9": {"x": 5.0, "y": 0.0, "z": 0.2399583575937163, "is_fixed": true, "ub": 0.7141450739305804, "lb": -2.2310866482640587e-06, "target": 3.061616997868383e-16, "pz": -0.5235768065486617, "tubmax": 0.5, "tlbmax": 0.5, "tub_reacmax": 0.5, "b": [0.10000000000000009, 0.0], "px": 0.0, "py": 0.0, "_rx": -2.0852964362073623, "_ry": 0.0, "_rz": 5.003934413019972, "tub": 2.2310762949644193e-06, "tlb": 2.2310866482640587e-06}}, "face": {"0": [0, 1, 2, 3, 4, 5, 6, 7, 8, 9, 8, 7, 6, 5, 4, 3, 2, 1]}, "facedata": {"0": {}}, "edgedata": {"(0, 1)": {"qmin": -10000.0, "qmax": 1e-08, "is_ind": false, "q": -13.831119596854256, "f": -4.866306447475066}, "(1, 2)": {"qmin": -10000.0, "qmax": 1e-08, "is_ind": false, "q": -4.8034974261742045, "f": -3.9457660596476587}, "(2, 3)": {"qmin": -10000.0, "qmax": 1e-08, "is_ind": false, "q": -3.135260277208325, "f": -3.106487169302809}, "(3, 4)": {"qmin": -10000.0, "qmax": 1e-08, "is_ind": false, "q": -2.5558875955399225, "f": -2.434033000487896}, "(4, 5)": {"qmin": -10000.0, "qmax": 1e-08, "is_ind": false, "q": -2.4017487130871045, "f": -2.0956698548986177}, "(5, 6)": {"qmin": -10000.0, "qmax": 1e-08, "is_ind": false, "q": -2.555887595539923, "f": -2.4781254568771076}, "(6, 7)": {"qmin": -10000.0, "qmax": 1e-08, "is_ind": false, "q": -3.135260277208321, "f": -3.168863778087899}, "(7, 8)": {"qmin": -10000.0, "qmax": 1e-08, "is_ind": false, "q": -4.803497426174209, "f": -4.016883230438518}, "(8, 9)": {"qmin": -10000.0, "qmax": 1e-08, "is_ind": true, "q": -13.831119596854146, "f": -4.941868625198818}}, "max_vertex": 9, "max_face": 0}