{"attributes": {"name": "FormDiagram", "loadpath": 0, "indset": ["4.925,0.000,0.000"]}, "dva": {"x": 0.0, "y": 0.0, "z": 0.0, "px": 0.0, "py": 0.0, "pz": 0.0, "t": 1.0, "is_anchor": false, "is_fixed": false, "_rx": 0.0, "_ry": 0.0, "_rz": 0.0, "is_roller": false, "tubmax": null, "tlbmax": null, "tub_reac": null}, "dea": {"q": 1.0, "lmin": 0.0, "lmax": 10000000.0, "hmin": 0.0, "hmax": 10000000.0, "_h": 0.0, "_f": 0.0, "_l": 0.0, "_a": 0.0, "_is_edge": true, "_is_tension": false, "f": 1.0, "is_symmetry": false, "is_ind": false, "qmin": -10000.0, "qmax": 1e-08}, "dfa": {"_is_loaded": true}, "vertex": {"0": {"x": 0.0, "y": 0.0, "z": 0.4966274130003766, "is_fixed": true, "ub": 0.7141451106329824, "lb": -0.0, "target": 0.0, "pz": -0.5235768065486617, "tubmax": 0.5, "tlbmax": 0.5, "tub_reacmax": [-0.5, 0], "b": [0.10000000000000009, 0.0], "_rx": 2.2196339666960876, "_ry": 0.0, "_rz": 4.905520859710783, "px": 0.0, "py": 0.0, "tub": 2.267778696912245e-06, "tub_reac": [0.12471233072984986, 0.0]}, "1": {"x": 0.15076844803522851, "y": -0.0, "z": 0.7942705893912294, "ub": 1.114053947734137, "lb": 0.4910306663062827, "target": 0.8550503583141718, "pz": -1.0471536130973234, "tubmax": 0.5, "tlbmax": 0.5, "px": 0.0, "py": 0.0, "tub": 2.281403893175051e-06}, "2": {"x": 0.5848888922025542, "y": -0.0, "z": 1.446495563764268, "ub": 1.7585099656443641, "lb": 1.4464955737197547, "target": 1.6069690242163481, "pz": -1.0471536130973234, "tubmax": 0.5, "tlbmax": 0.5, "px": 0.0, "py": 0.0, "tub": 2.2332784120345123e-06}, "3": {"x": 1.2499999999999987, "y": -0.0, "z": 2.1319836609244325, "ub": 2.2798048871562777, "lb": 2.0487801248547877, "target": 2.1650635094610964, "pz": -1.0471536130973234, "tubmax": 0.5, "tlbmax": 0.5, "px": 0.0, "py": 0.0, "tub": 2.2641206778469275e-06}, "4": {"x": 2.0658795558326717, "y": -0.0, "z": 2.5879529372717163, "ub": 2.5879529274762034, "lb": 2.360410862531344, "target": 2.46201938253052, "pz": -1.0471536130973234, "tubmax": 0.5, "tlbmax": 0.5, "px": 0.0, "py": 0.0, "tub": 0.024451525105616805}, "5": {"x": 2.934120444167322, "y": -0.0, "z": 2.6635765161297367, "ub": 2.6635765061797008, "lb": 2.360410862531344, "target": 2.46201938253052, "pz": -1.5471536130973234, "tubmax": 0.5, "tlbmax": 0.5, "px": 0.0, "py": 0.0, "tub": 0.10007510380911418}, "6": {"x": 3.749999999999995, "y": -0.0, "z": 2.1659461183146207, "ub": 2.2798048592333946, "lb": 2.048780124854788, "target": 2.165063509461097, "pz": -1.0471536130973234, "tubmax": 0.5, "tlbmax": 0.5, "px": 0.0, "py": 0.0, "tub": 2.236197794465637e-06}, "7": {"x": 4.415111107797442, "y": -0.0, "z": 1.4464955637629682, "ub": 1.758509972962379, "lb": 1.4464955737197547, "target": 1.6069690242163488, "pz": -1.0471536130973234, "tubmax": 0.5, "tlbmax": 0.5, "px": 0.0, "py": 0.0, "tub": 2.2405964268503903e-06}, "8": {"x": 4.849231551964769, "y": -0.0, "z": 0.7721031696686879, "ub": 1.1140539534073355, "lb": 0.4910306663062872, "target": 0.8550503583141722, "pz": -1.0471536130973234, "tubmax": 0.5, "tlbmax": 0.5, "px": 0.0, "py": 0.0, "tub": 2.287077089732575e-06}, "9": {"x": 5.0, "y": 0.0, "z": 0.46676132920148955, "is_fixed": true, "ub": 0.714145100315407, "lb": -0.0, "target": 3.061616997868383e-16, "pz": -0.5235768065486617, "tubmax": 0.5, "tlbmax": 0.5, "tub_reacmax": [0.5, 0], "b": [0.10000000000000009, 0.0], "_rx": -2.219633966696112, "_ry": 0.0, "_rz": 5.01886165816512, "px": 0.0, "py": 0.0, "tub": 2.257461121613273e-06, "tub_reac": [0.10642913099576655, 0.0]}}, "face": {"0": [0, 1, 2, 3, 4, 5, 6, 7, 8, 9, 8, 7, 6, 5, 4, 3, 2, 1]}, "facedata": {"0": {}}, "edgedata": {"(0, 1)": {"qmin": -10000.0, "qmax": 1e-08, "q": -14.722138455503956, "f": -4.9120472952887875, "is_ind": false}, "(1, 2)": {"qmin": -10000.0, "qmax": 1e-08, "q": -5.112945028316981, "f": -4.005945859002413, "is_ind": false}, "(2, 3)": {"qmin": -10000.0, "qmax": 1e-08, "q": -3.3372378549601125, "f": -3.1874844624262613, "is_ind": false}, "(3, 4)": {"qmin": -10000.0, "qmax": 1e-08, "q": -2.7205412255130788, "f": -2.542749210992823, "is_ind": false}, "(4, 5)": {"qmin": -10000.0, "qmax": 1e-08, "q": -2.5564725141584925, "f": -2.2280375402236796, "is_ind": false}, "(5, 6)": {"qmin": -10000.0, "qmax": 1e-08, "q": -2.7205412255130788, "f": -2.5999258455689467, "is_ind": false}, "(6, 7)": {"qmin": -10000.0, "qmax": 1e-08, "q": -3.337237854960108, "f": -3.26978110947617, "is_ind": false}, "(7, 8)": {"qmin": -10000.0, "qmax": 1e-08, "q": -5.112945028316985, "f": -4.100778460751394, "is_ind": false}, "(8, 9)": {"qmin": -10000.0, "qmax": 1e-08, "q": -14.722138455503838, "f": -5.0134180798416885, "is_ind": true}}, "max_vertex": 9, "max_face": 0}