{"attributes": {"name": "FormDiagram", "loadpath": 0, "indset": ["4.861,0.000,0.000"]}, "dva": {"x": 0.0, "y": 0.0, "z": 0.0, "px": 0.0, "py": 0.0, "pz": 0.0, "t": 1.0, "is_anchor": false, "is_fixed": false, "_rx": 0.0, "_ry": 0.0, "_rz": 0.0, "is_roller": false}, "dea": {"q": 1.0, "lmin": 0.0, "lmax": 10000000.0, "hmin": 0.0, "hmax": 10000000.0, "_h": 0.0, "_f": 0.0, "_l": 0.0, "_a": 0.0, "_is_edge": true, "_is_tension": false, "f": 1.0, "is_symmetry": false, "is_ind": false, "qmin": -10000.0, "qmax": 1e-08}, "dfa": {"_is_loaded": true}, "vertex": {"0": {"x": 0.0, "y": 0.0, "z": 0.19589057559709966, "is_fixed": true, "ub": 0.19598499603425812, "lb": -0.31218769506873867, "target": 0.0, "pz": -0.23052934941657335, "_rx": 1.2583553471922189, "_ry": 0.0, "_rz": 2.2713491025421306, "px": 0.0, "py": 0.0, "tub": 9.443042838296678e-05}, "1": {"x": 0.27774197320574906, "y": -0.0, "z": 0.6463367126561713, "ub": 0.8111487146790487, "lb": 0.6097736507951219, "target": 0.713421436589464, "pz": -0.4610586988331467, "px": 0.0, "py": 0.0, "tub": 6.744211141424325e-05}, "2": {"x": 0.7538404398860256, "y": -0.0, "z": 1.2440389573742872, "ub": 1.3807817541434453, "lb": 1.2440389673689776, "target": 1.3129554221901867, "pz": -0.4610586988331467, "px": 0.0, "py": 0.0, "tub": 6.713897028580498e-05}, "3": {"x": 1.3857993346601907, "y": -0.0, "z": 1.8058626947746714, "ub": 1.8058626857049886, "lb": 1.6894354181140114, "target": 1.7450881624233399, "pz": -0.4610586988331467, "px": 0.0, "py": 0.0, "tub": 0.005374508130601348}, "4": {"x": 2.117210648702972, "y": -0.0, "z": 2.1881140295332395, "ub": 2.188114019563303, "lb": 1.9206690563740523, "target": 1.9712479279781565, "pz": -0.4610586988331467, "px": 0.0, "py": 0.0, "tub": 0.16630974906154988}, "5": {"x": 2.882789351297027, "y": -0.0, "z": 2.3077155850655964, "ub": 2.3077155750830833, "lb": 1.9206690563740523, "target": 1.9712479279781567, "pz": -0.9610586988331467, "px": 0.0, "py": 0.0, "tub": 0.2859113045813302}, "6": {"x": 3.6142006653398084, "y": -0.0, "z": 1.8633699201204579, "ub": 1.8633699101999714, "lb": 1.6894354181140114, "target": 1.74508816242334, "pz": -0.4610586988331467, "px": 0.0, "py": 0.0, "tub": 0.06288173262558365}, "7": {"x": 4.2461595601139726, "y": -0.0, "z": 1.2478950243047804, "ub": 1.3807815056149557, "lb": 1.2440389673689787, "target": 1.312955422190188, "pz": -0.4610586988331467, "px": 0.0, "py": 0.0, "tub": 6.68904417952662e-05}, "8": {"x": 4.7222580267942496, "y": -0.0, "z": 0.6097736408288026, "ub": 0.8111485238668003, "lb": 0.6097736507951228, "target": 0.7134214365894649, "pz": -0.4610586988331467, "px": 0.0, "py": 0.0, "tub": 6.725129916522633e-05}, "9": {"x": 5.0, "y": 0.0, "z": 0.1357481559256546, "is_fixed": true, "ub": 0.1959583221311905, "lb": -0.31218769506873867, "target": 3.3306690738754696e-16, "pz": -0.23052934941657335, "_rx": -1.258355347192223, "_ry": 0.0, "_rz": 2.378179186956191, "px": 0.0, "py": 0.0, "tub": 6.775652531534268e-05}}, "face": {"0": [0, 1, 2, 3, 4, 5, 6, 7, 8, 9, 8, 7, 6, 5, 4, 3, 2, 1]}, "facedata": {"0": {}}, "edgedata": {"(0, 1)": {"qmin": -10000.0, "qmax": 1e-08, "q": -4.530663236341448, "f": -2.3975828337212275, "is_ind": false}, "(1, 2)": {"qmin": -10000.0, "qmax": 1e-08, "q": -2.643056920486296, "f": -2.0196789765867043, "is_ind": false}, "(2, 3)": {"qmin": -10000.0, "qmax": 1e-08, "q": -1.991198094682885, "f": -1.6837319085642326, "is_ind": false}, "(3, 4)": {"qmin": -10000.0, "qmax": 1e-08, "q": -1.7204482936377106, "f": -1.4198427232999495, "is_ind": false}, "(4, 5)": {"qmin": -10000.0, "qmax": 1e-08, "q": -1.6436655603512216, "f": -1.2736183986727392, "is_ind": false}, "(5, 6)": {"qmin": -10000.0, "qmax": 1e-08, "q": -1.7204482936377103, "f": -1.4723716516380008, "is_ind": false}, "(6, 7)": {"qmin": -10000.0, "qmax": 1e-08, "q": -1.991198094682886, "f": -1.7565272388975675, "is_ind": false}, "(7, 8)": {"qmin": -10000.0, "qmax": 1e-08, "q": -2.643056920486294, "f": -2.104292719412022, "is_ind": false}, "(8, 9)": {"qmin": -10000.0, "qmax": 1e-08, "q": -4.530663236341441, "f": -2.4891480479254757, "is_ind": true}}, "max_vertex": 9, "max_face": 0}