{"attributes": {"name": "FormDiagram", "loadpath": 0, "indset": ["4.861,0.000,0.000"]}, "dva": {"x": 0.0, "y": 0.0, "z": 0.0, "px": 0.0, "py": 0.0, "pz": 0.0, "t": 1.0, "is_anchor": false, "is_fixed": false, "_rx": 0.0, "_ry": 0.0, "_rz": 0.0, "is_roller": false}, "dea": {"q": 1.0, "lmin": 0.0, "lmax": 10000000.0, "hmin": 0.0, "hmax": 10000000.0, "_h": 0.0, "_f": 0.0, "_l": 0.0, "_a": 0.0, "_is_edge": true, "_is_tension": false, "f": 1.0, "is_symmetry": false, "is_ind": false, "qmin": -10000.0, "qmax": 1e-08}, "dfa": {"_is_loaded": true}, "vertex": {"0": {"x": 0.0, "y": 0.0, "z": 0.19589057483893524, "is_fixed": true, "ub": 0.1958905648389401, "lb": -0.31218769506873867, "target": 0.0, "pz": -0.23052934941657335, "_rx": 1.2583553464500747, "_ry": 0.0, "_rz": 2.271349103285728, "px": 0.0, "py": 0.0, "tub": -7.669350297678996e-10}, "1": {"x": 0.2777419732057494, "y": -0.0, "z": 0.646336712327794, "ub": 0.8110812650315732, "lb": 0.6097736507951219, "target": 0.713421436589464, "pz": -0.4610586988331467, "px": 0.0, "py": 0.0, "tub": -7.536061206423807e-09}, "2": {"x": 0.7538404398860263, "y": -0.0, "z": 1.2440389576797597, "ub": 1.3807146076320322, "lb": 1.2440389673689776, "target": 1.3129554221901867, "pz": -0.4610586988331467, "px": 0.0, "py": 0.0, "tub": -7.541127190843781e-09}, "3": {"x": 1.3857993346601918, "y": -0.0, "z": 1.805862695784936, "ub": 1.8058626881940394, "lb": 1.6894354181140114, "target": 1.7450881624233399, "pz": -0.4610586988331467, "px": 0.0, "py": 0.0, "tub": 0.005374510619652166}, "4": {"x": 2.1172106487029736, "y": -0.0, "z": 2.188114031201158, "ub": 2.188114023666461, "lb": 1.9206690563740523, "target": 1.9712479279781565, "pz": -0.4610586988331467, "px": 0.0, "py": 0.0, "tub": 0.16630975316470759}, "5": {"x": 2.882789351297029, "y": -0.0, "z": 2.307715587256455, "ub": 2.307715579740587, "lb": 1.9206690563740523, "target": 1.9712479279781567, "pz": -0.9610586988331467, "px": 0.0, "py": 0.0, "tub": 0.2859113092388337}, "6": {"x": 3.6142006653398107, "y": -0.0, "z": 1.8633699224814642, "ub": 1.863369914864264, "lb": 1.6894354181140114, "target": 1.74508816242334, "pz": -0.4610586988331467, "px": 0.0, "py": 0.0, "tub": 0.06288173728987627}, "7": {"x": 4.246159560113975, "y": -0.0, "z": 1.2478950266762379, "ub": 1.380714607632712, "lb": 1.2440389673689787, "target": 1.312955422190188, "pz": -0.4610586988331467, "px": 0.0, "py": 0.0, "tub": -7.540448480160952e-09}, "8": {"x": 4.722258026794251, "y": -0.0, "z": 0.6097736431052523, "ub": 0.8110812650380171, "lb": 0.6097736507951228, "target": 0.7134214365894649, "pz": -0.4610586988331467, "px": 0.0, "py": 0.0, "tub": -7.529617959143087e-09}, "9": {"x": 5.0, "y": 0.0, "z": 0.1357481580866616, "is_fixed": true, "ub": 0.19589055800023653, "lb": -0.31218769506873867, "target": 3.3306690738754696e-16, "pz": -0.23052934941657335, "_rx": -1.2583553464500694, "_ry": 0.0, "_rz": 2.3781791862125936, "px": 0.0, "py": 0.0, "tub": -7.605638609268456e-09}}, "face": {"0": [0, 1, 2, 3, 4, 5, 6, 7, 8, 9, 8, 7, 6, 5, 4, 3, 2, 1]}, "facedata": {"0": {}}, "edgedata": {"(0, 1)": {"qmin": -10000.0, "qmax": 1e-08, "q": -4.5306632336693795, "f": -2.3975828339646674, "is_ind": false}, "(1, 2)": {"qmin": -10000.0, "qmax": 1e-08, "q": -2.643056918927489, "f": -2.019678976705944, "is_ind": false}, "(2, 3)": {"qmin": -10000.0, "qmax": 1e-08, "q": -1.9911980935085274, "f": -1.6837319085036428, "is_ind": false}, "(3, 4)": {"qmin": -10000.0, "qmax": 1e-08, "q": -1.7204482926230342, "f": -1.4198427229866342, "is_ind": false}, "(4, 5)": {"qmin": -10000.0, "qmax": 1e-08, "q": -1.64366555938183, "f": -1.2736183980542635, "is_ind": false}, "(5, 6)": {"qmin": -10000.0, "qmax": 1e-08, "q": -1.720448292623034, "f": -1.4723716506176445, "is_ind": false}, "(6, 7)": {"qmin": -10000.0, "qmax": 1e-08, "q": -1.9911980935085285, "f": -1.756527237847094, "is_ind": false}, "(7, 8)": {"qmin": -10000.0, "qmax": 1e-08, "q": -2.643056918927487, "f": -2.104292718372228, "is_ind": false}, "(8, 9)": {"qmin": -10000.0, "qmax": 1e-08, "q": -4.530663233669372, "f": -2.4891480469087104, "is_ind": true}}, "max_vertex": 9, "max_face": 0}