{"attributes": {"name": "FormDiagram", "loadpath": 0, "indset": ["4.983,0.000,0.000"]}, "dva": {"x": 0.0, "y": 0.0, "z": 0.0, "px": 0.0, "py": 0.0, "pz": 0.0, "t": 1.0, "is_anchor": false, "is_fixed": false, "_rx": 0.0, "_ry": 0.0, "_rz": 0.0, "is_roller": false, "tubmax": null, "tlbmax": null, "tub_reac": null}, "dea": {"q": 1.0, "lmin": 0.0, "lmax": 10000000.0, "hmin": 0.0, "hmax": 10000000.0, "_h": 0.0, "_f": 0.0, "_l": 0.0, "_a": 0.0, "_is_edge": true, "_is_tension": false, "f": 1.0, "is_symmetry": false, "is_ind": false, "qmin": -10000.0, "qmax": 1e-08}, "dfa": {"_is_loaded": true}, "vertex": {"0": {"x": 0.0, "y": 0.0, "z": 0.2137743675765139, "is_fixed": true, "ub": 0.7141896922695129, "lb": -0.0, "target": 0.0, "pz": -0.2480178971104642, "tubmax": 0.5, "tlbmax": 0.5, "tub_reacmax": [-0.5, 0], "b": [0.10000000000000009, 0.0], "px": 0.0, "py": 0.0, "_rx": 1.6885102203323905, "_ry": 0.0, "_rz": 5.154864714165324, "tub": 4.684941522748314e-05}, "1": {"x": 0.03409674149319434, "y": -0.0, "z": 0.31286022767565375, "ub": 0.8242562538263379, "lb": -0.0, "target": 0.41101577890149155, "pz": -0.4960357942209284, "tubmax": 0.5, "tlbmax": 0.5, "px": 0.0, "py": 0.0, "tub": 4.686314608236074e-05}, "2": {"x": 0.1354568957484134, "y": -0.0, "z": 0.5776383026209496, "ub": 1.081220748934614, "lb": 0.4110181360186793, "target": 0.8116998278025298, "pz": -0.4960357942209284, "tubmax": 0.5, "tlbmax": 0.5, "px": 0.0, "py": 0.0, "tub": 4.7354822332613836e-05}, "3": {"x": 0.30131562198377754, "y": -0.0, "z": 0.9621782509712126, "ub": 1.3877758267724547, "lb": 0.9621782609617693, "target": 1.18970929137358, "pz": -0.4960357942209284, "tubmax": 0.5, "tlbmax": 0.5, "px": 0.0, "py": 0.0, "tub": 4.854597575018432e-05}, "4": {"x": 0.5271487265090165, "y": -0.0, "z": 1.4194242484989246, "ub": 1.693526568932383, "lb": 1.3666959620504486, "target": 1.5354836254931745, "pz": -0.4960357942209284, "tubmax": 0.5, "tlbmax": 0.5, "px": 0.0, "py": 0.0, "tub": 5.148713017288162e-05}, "5": {"x": 0.8067960709356481, "y": -0.0, "z": 1.9034759893045061, "ub": 1.9731182814198873, "lb": 1.7008998955262, "target": 1.8392114368035828, "pz": -0.9960357942209284, "tubmax": 0.5, "tlbmax": 0.5, "px": 0.0, "py": 0.0, "tub": 3.4285589745603746e-05}, "6": {"x": 1.1326296046939335, "y": -0.0, "z": 2.275267042189482, "ub": 2.2752670322677724, "lb": 1.9723838881010278, "target": 2.0928665405438465, "pz": -0.4960357942209284, "tubmax": 0.5, "tlbmax": 0.5, "px": 0.0, "py": 0.0, "tub": 0.06386516873402513}, "7": {"x": 1.4957614383675775, "y": -0.0, "z": 2.5829394708197784, "ub": 2.5829394608468474, "lb": 2.1797946947661013, "target": 2.2893599077488376, "pz": -0.4960357942209284, "tubmax": 0.5, "tlbmax": 0.5, "px": 0.0, "py": 0.0, "tub": 0.18470992401547076}, "8": {"x": 1.886286282148004, "y": -0.0, "z": 2.799096324989944, "ub": 2.799096315008288, "lb": 2.3202059116639364, "target": 2.4234471900781065, "pz": -0.4960357942209284, "tubmax": 0.5, "tlbmax": 0.5, "px": 0.0, "py": 0.0, "tub": 0.2725659921108407}, "9": {"x": 2.2935516363191706, "y": -0.0, "z": 2.9048762487685895, "ub": 2.90487623878456, "lb": 2.391104153551975, "target": 2.4914006362233314, "pz": -0.4960357942209284, "tubmax": 0.5, "tlbmax": 0.5, "px": 0.0, "py": 0.0, "tub": 0.3130855309662166}, "10": {"x": 2.7064483636808316, "y": -0.0, "z": 2.890821624899152, "ub": 2.8908216149158736, "lb": 2.391104153551975, "target": 2.4914006362233314, "pz": -0.4960357942209284, "tubmax": 0.5, "tlbmax": 0.5, "px": 0.0, "py": 0.0, "tub": 0.29903090709753044}, "11": {"x": 3.1137137178519985, "y": -0.0, "z": 2.7573158268831195, "ub": 2.7573158169047867, "lb": 2.3202059116639364, "target": 2.4234471900781065, "pz": -0.4960357942209284, "tubmax": 0.5, "tlbmax": 0.5, "px": 0.0, "py": 0.0, "tub": 0.23078549400733953}, "12": {"x": 3.5042385616324236, "y": -0.0, "z": 2.5145727615502933, "ub": 2.5145727515932714, "lb": 2.1797946947661013, "target": 2.2893599077488376, "pz": -0.4960357942209284, "tubmax": 0.5, "tlbmax": 0.5, "px": 0.0, "py": 0.0, "tub": 0.1163432147618943}, "13": {"x": 3.867370395306067, "y": -0.0, "z": 2.182178987367498, "ub": 2.211440049704116, "lb": 1.9723838881010285, "target": 2.0928665405438474, "pz": -0.4960357942209284, "tubmax": 0.5, "tlbmax": 0.5, "px": 0.0, "py": 0.0, "tub": 3.8186170368416196e-05}, "14": {"x": 4.193203929064353, "y": -0.0, "z": 1.7882057884031182, "ub": 1.973134039504382, "lb": 1.7008998955262007, "target": 1.8392114368035837, "pz": -0.4960357942209284, "tubmax": 0.5, "tlbmax": 0.5, "px": 0.0, "py": 0.0, "tub": 5.004367423968993e-05}, "15": {"x": 4.472851273490985, "y": -0.0, "z": 1.3679250710627835, "ub": 1.6935261076711228, "lb": 1.3666959620504504, "target": 1.5354836254931759, "pz": -0.4960357942209284, "tubmax": 0.5, "tlbmax": 0.5, "px": 0.0, "py": 0.0, "tub": 5.102586891128718e-05}, "16": {"x": 4.698684378016225, "y": -0.0, "z": 0.9621782509631135, "ub": 1.3877764374677861, "lb": 0.9621782609617693, "target": 1.18970929137358, "pz": -0.4960357942209284, "tubmax": 0.5, "tlbmax": 0.5, "px": 0.0, "py": 0.0, "tub": 4.9156671081652604e-05}, "17": {"x": 4.864543104251588, "y": -0.0, "z": 0.6154608706917928, "ub": 1.0812218575359602, "lb": 0.4110181360186815, "target": 0.8116998278025319, "pz": -0.4960357942209284, "tubmax": 0.5, "tlbmax": 0.5, "px": 0.0, "py": 0.0, "tub": 4.846342367812223e-05}, "18": {"x": 4.965903258506806, "y": -0.0, "z": 0.3737970534152155, "ub": 0.8242577403995762, "lb": -0.0, "target": 0.4110157789014901, "pz": -0.4960357942209284, "tubmax": 0.5, "tlbmax": 0.5, "px": 0.0, "py": 0.0, "tub": 4.834971932166477e-05}, "19": {"x": 5.0, "y": 0.0, "z": 0.2824866438797473, "is_fixed": true, "ub": 0.7141913871034782, "lb": -0.0, "target": 3.061616997868383e-16, "pz": -0.2480178971104642, "tubmax": 0.5, "tlbmax": 0.5, "tub_reacmax": [0.5, 0], "b": [0.10000000000000009, 0.0], "px": 0.0, "py": 0.0, "_rx": -1.688510220332392, "_ry": 0.0, "_rz": 4.769815376032324, "tub": 4.854424919277533e-05}}, "face": {"0": [0, 1, 2, 3, 4, 5, 6, 7, 8, 9, 10, 11, 12, 13, 14, 15, 16, 17, 18, 19, 18, 17, 16, 15, 14, 13, 12, 11, 10, 9, 8, 7, 6, 5, 4, 3, 2, 1]}, "facedata": {"0": {}}, "edgedata": {"(0, 1)": {"qmin": -10000.0, "qmax": 1e-08, "is_ind": false, "q": -49.52116086135136, "f": -5.189240064807982}, "(1, 2)": {"qmin": -10000.0, "qmax": 1e-08, "is_ind": false, "q": -16.658520626170503, "f": -4.722956769156398}, "(2, 3)": {"qmin": -10000.0, "qmax": 1e-08, "is_ind": false, "q": -10.180412322329586, "f": -4.263394405251395}, "(3, 4)": {"qmin": -10000.0, "qmax": 1e-08, "is_ind": false, "q": -7.476805598904938, "f": -3.812983882005581}, "(4, 5)": {"qmin": -10000.0, "qmax": 1e-08, "is_ind": false, "q": -6.037998407581473, "f": -3.3753908414340072}, "(5, 6)": {"qmin": -10000.0, "qmax": 1e-08, "is_ind": false, "q": -5.182125365847047, "f": -2.561857871308512}, "(6, 7)": {"qmin": -10000.0, "qmax": 1e-08, "is_ind": false, "q": -4.649854581049754, "f": -2.2130916907354035}, "(7, 8)": {"qmin": -10000.0, "qmax": 1e-08, "is_ind": false, "q": -4.32369475905036, "f": -1.9299059377896028}, "(8, 9)": {"qmin": -10000.0, "qmax": 1e-08, "is_ind": false, "q": -4.145970687265325, "f": -1.7445349076833656}, "(9, 10)": {"qmin": -10000.0, "qmax": 1e-08, "is_ind": false, "q": -4.089425050960502, "f": -1.6894881407789863}, "(10, 11)": {"qmin": -10000.0, "qmax": 1e-08, "is_ind": false, "q": -4.1459706872653195, "f": -1.7769190555105911}, "(11, 12)": {"qmin": -10000.0, "qmax": 1e-08, "is_ind": false, "q": -4.323694759050368, "f": -1.988118583016929}, "(12, 13)": {"qmin": -10000.0, "qmax": 1e-08, "is_ind": false, "q": -4.6498545810497545, "f": -2.2890811887599356}, "(13, 14)": {"qmin": -10000.0, "qmax": 1e-08, "is_ind": false, "q": -5.182125365847039, "f": -2.6493910424149787}, "(14, 15)": {"qmin": -10000.0, "qmax": 1e-08, "is_ind": false, "q": -6.037998407581485, "f": -3.0480741658987984}, "(15, 16)": {"qmin": -10000.0, "qmax": 1e-08, "is_ind": false, "q": -7.476805598904906, "f": -3.4719363998073645}, "(16, 17)": {"qmin": -10000.0, "qmax": 1e-08,