{"max_vertex": 120, "max_face": 160, "dfa": {}, "vertex": {"0": {"y": 3.0, "z": 0.0, "x": 1.0}, "1": {"y": 0.99999999999999978, "z": 0.0, "x": 4.0}, "2": {"y": 0.0, "z": 0.0, "x": 7.0}, "3": {"y": 10.0, "z": 0.0, "x": 5.0}, "4": {"y": 10.0, "z": 0.0, "x": 9.0}, "5": {"y": 4.0, "z": 0.0, "x": 2.0}, "6": {"y": 3.0000000000000004, "z": 0.0, "x": 5.0}, "7": {"y": 8.0, "z": 0.0, "x": 1.9999999999999996}, "8": {"y": 9.0, "z": 0.0, "x": 0.99999999999999978}, "9": {"y": 6.0, "z": 0.0, "x": 3.0}, "10": {"y": 7.0, "z": 0.0, "x": 8.0}, "11": {"y": 3.0, "z": 0.0, "x": 10.0}, "12": {"y": 6.0, "z": 0.0, "x": 1.0}, "13": {"y": 9.0, "z": 0.0, "x": 1.9999999999999996}, "14": {"y": 3.0000000000000004, "z": 0.0, "x": 3.0000000000000004}, "15": {"y": 4.0, "z": 0.0, "x": 10.0}, "16": {"y": 10.0, "z": 0.0, "x": 6.0}, "17": {"y": 6.0, "z": 0.0, "x": 6.0}, "18": {"y": 6.0, "z": 0.0, "x": 7.0}, "19": {"y": 6.0, "z": 0.0, "x": 8.0}, "20": {"y": 6.0, "z": 0.0, "x": 10.0}, "21": {"y": 0.0, "z": 0.0, "x": 6.0}, "22": {"y": 0.0, "z": 0.0, "x": 8.0}, "23": {"y": 1.9999999999999996, "z": 0.0, "x": 1.9999999999999996}, "24": {"y": 0.0, "z": 0.0, "x": 10.0}, "25": {"y": 7.0, "z": 0.0, "x": 1.0}, "26": {"y": 2.0, "z": 0.0, "x": 9.0}, "27": {"y": 4.0, "z": 0.0, "x": 4.0}, "28": {"y": 0.0, "z": 0.0, "x": 5.0}, "29": {"y": 9.0, "z": 0.0, "x": 8.0}, "30": {"y": 0.0, "z": 0.0, "x": 3.0000000000000004}, "31": {"y": 3.0, "z": 0.0, "x": 2.0}, "32": {"y": 10.0, "z": 0.0, "x": 0.0}, "33": {"y": 1.9999999999999996, "z": 0.0, "x": 8.0}, "34": {"y": 7.0, "z": 0.0, "x": 9.0}, "35": {"y": 9.0, "z": 0.0, "x": 0.0}, "36": {"y": 3.0, "z": 0.0, "x": 9.0}, "37": {"y": 9.0, "z": 0.0, "x": 7.0}, "38": {"y": 10.0, "z": 0.0, "x": 0.99999999999999978}, "39": {"y": 8.0, "z": 0.0, "x": 1.0}, "40": {"y": 9.0, "z": 0.0, "x": 3.0000000000000004}, "41": {"y": 9.0, "z": 0.0, "x": 6.0}, "42": {"y": 5.0, "z": 0.0, "x": 3.0}, "43": {"y": 0.99999999999999978, "z": 0.0, "x": 6.0}, "44": {"y": 3.0, "z": 0.0, "x": 8.0}, "45": {"y": 9.0, "z": 0.0, "x": 10.0}, "46": {"y": 3.0000000000000004, "z": 0.0, "x": 6.0}, "47": {"y": 3.0000000000000004, "z": 0.0, "x": 4.0}, "48": {"y": 1.0, "z": 0.0, "x": 10.0}, "49": {"y": 9.0, "z": 0.0, "x": 4.0}, "50": {"y": 10.0, "z": 0.0, "x": 7.0}, "51": {"y": 4.0, "z": 0.0, "x": 3.0}, "52": {"y": 0.99999999999999978, "z": 0.0, "x": 8.0}, "53": {"y": 8.0, "z": 0.0, "x": 7.0}, "54": {"y": 7.0, "z": 0.0, "x": 5.0}, "55": {"y": 5.0, "z": 0.0, "x": 4.0}, "56": {"y": 4.0, "z": 0.0, "x": 0.0}, "57": {"y": 8.0, "z": 0.0, "x": 0.0}, "58": {"y": 5.0, "z": 0.0, "x": 6.0}, "59": {"y": 5.0, "z": 0.0, "x": 5.0}, "60": {"y": 0.0, "z": 0.0, "x": 0.0}, "61": {"y": 8.0, "z": 0.0, "x": 9.0}, "62": {"y": 10.0, "z": 0.0, "x": 4.0}, "63": {"y": 5.0, "z": 0.0, "x": 1.0}, "64": {"y": 2.0, "z": 0.0, "x": 1.0}, "65": {"y": 4.0, "z": 0.0, "x": 5.0}, "66": {"y": 7.0, "z": 0.0, "x": 3.0000000000000004}, "67": {"y": 0.99999999999999978, "z": 0.0, "x": 1.9999999999999996}, "68": {"y": 1.9999999999999996, "z": 0.0, "x": 4.0}, "69": {"y": 2.0, "z": 0.0, "x": 0.0}, "70": {"y": 4.0, "z": 0.0, "x": 8.0}, "71": {"y": 3.0000000000000004, "z": 0.0, "x": 7.0}, "72": {"y": 7.0, "z": 0.0, "x": 4.0}, "73": {"y": 5.0, "z": 0.0, "x": 10.0}, "74": {"y": 6.0, "z": 0.0, "x": 2.0}, "75": {"y": 8.0, "z": 0.0, "x": 6.0}, "76": {"y": 1.9999999999999996, "z": 0.0, "x": 7.0}, "77": {"y": 4.0, "z": 0.0, "x": 7.0}, "78": {"y": 0.0, "z": 0.0, "x": 4.0}, "79": {"y": 8.0, "z": 0.0, "x": 3.0000000000000004}, "80": {"y": 4.0, "z": 0.0, "x": 9.0}, "81": {"y": 0.99999999999999978, "z": 0.0, "x": 7.0}, "82": {"y": 6.0, "z": 0.0, "x": 0.0}, "83": {"y": 1.9999999999999996, "z": 0.0, "x": 3.0000000000000004}, "84": {"y": 10.0, "z": 0.0, "x": 3.0000000000000004}, "85": {"y": 6.0, "z": 0.0, "x": 9.0}, "86": {"y": 4.0, "z": 0.0, "x": 1.0}, "87": {"y": 7.0, "z": 0.0, "x": 10.0}, "88": {"y": 1.9999999999999996, "z": 0.0, "x": 6.0}, "89": {"y": 2.0, "z": 0.0, "x": 10.0}, "90": {"y": 0.0, "z": 0.0, "x": 0.99999999999999978}, "91": {"y": 7.0, "z": 0.0, "x": 0.0}, "92": {"y": 10.0, "z": 0.0, "x": 10.0}, "93": {"y": 8.0, "z": 0.0, "x": 10.0}, "94": {"y": 8.0, "z": 0.0, "x": 8.0}, "95": {"y": 1.0, "z": 0.0, "x": 0.0}, "96": {"y": 7.0, "z": 0.0, "x": 2.0}, "97": {"y": 9.0, "z": 0.0, "x": 9.0}, "98": {"y": 0.99999999999999978, "z": 0.0, "x": 9.0}, "99": {"y": 5.0, "z": 0.0, "x": 8.0}, "100": {"y": 10.0, "z": 0.0, "x": 8.0}, "101": {"y": 3.0, "z": 0.0, "x": 0.0}, "102": {"y": 6.0, "z": 0.0, "x": 4.0}, "103": {"y": 8.0, "z": 0.0, "x": 5.0}, "104": {"y": 0.0, "z": 0.0, "x": 9.0}, "105": {"y": 0.0, "z": 0.0, "x": 1.9999999999999996}, "106": {"y": 5.0, "z": 0.0, "x": 7.0}, "107": {"y": 5.0, "z": 0.0, "x": 0.0}, "108": {"y": 8.0, "z": 0.0, "x": 4.0}, "109": {"y": 7.0, "z": 0.0, "x": 6.0}, "110": {"y": 5.0, "z": 0.0, "x": 9.0}, "111": {"y": 1.9999999999999996, "z": 0.0, "x": 5.0}, "112": {"y": 0.99999999999999978, "z": 0.0, "x": 3.0000000000000004}, "113": {"y": 4.0, "z": 0.0, "x": 6.0}, "114": {"y": 7.0, "z": 0.0, "x": 7.0}, "115": {"y": 5.0, "z": 0.0, "x": 2.0}, "116": {"y": 0.99999999999999978, "z": 0.0, "x": 5.0}, "117": {"y": 9.0, "z": 0.0, "x": 5.0}, "118": {"y": 0.99999999999999978, "z": 0.0, "x": 0.99999999999999978}, "119": {"y": 10.0, "z": 0.0, "x": 1.9999999999999996}, "120": {"y": 6.0, "z": 0.0, "x": 5.0}}, "dea": {}, "face": {"1": [0, 64, 31], "2": [64, 0, 69], "3": [0, 101, 69], "4": [101, 0, 86], "5": [1, 112, 30, 78], "6": [112, 1, 68, 83], "7": [1, 78, 28, 116], "8": [2, 22, 52, 81], "9": [3, 117, 41, 16], "10": [117, 3, 62, 49], "11": [4, 100, 29, 97], "12": [4, 97, 92], "13": [5, 0, 31], "14": [0, 5, 86], "15": [86, 5, 115], "16": [5, 31, 51], "17": [6, 47, 68, 111], "18": [47, 6, 65, 27], "19": [6, 111, 88, 46], "20": [7, 66, 79], "21": [66, 7, 96], "22": [7, 39, 96], "23": [39, 7, 8], "24": [8, 7, 13], "25": [8, 35, 39], "26": [35, 8, 32], "27": [9, 42, 55], "28": [42, 9, 74], "29": [74, 9, 96], "30": [96, 9, 66], "31": [10, 114, 18], "32": [114, 10, 94], "33": [10, 19, 34], "34": [19, 10, 18], "35": [10, 61, 94], "36": [61, 10, 34], "37": [11, 15, 80], "38": [11, 36, 89], "39": [36, 11, 80], "40": [12, 63, 115], "41": [63, 12, 82], "42": [12, 91, 82], "43": [91, 12, 25], "44": [13, 7, 79, 40], "45": [8, 13, 119, 38], "46": [14, 83, 68, 47], "47": [83, 14, 23], "48": [14, 31, 23], "49": [31, 14, 51], "50": [14, 27, 51], "51": [27, 14, 47], "52": [15, 73, 110], "53": [80, 15, 110], "54": [16, 41, 37, 50], "55": [17, 120, 59], "56": [120, 17, 109, 54], "57": [17, 114, 109], "58": [114, 17, 18], "59": [17, 58, 18], "60": [58, 17, 59], "61": [18, 106, 19], "62": [106, 18, 58], "63": [19, 99, 85], "64": [99, 19, 106], "65": [34, 19, 85], "66": [20, 85, 110], "67": [85, 20, 87], "68": [21, 2, 81, 43], "69": [22, 104, 98, 52], "70": [23, 64, 118], "71": [64, 23, 31], "72": [23, 67, 112, 83], "73": [67, 23, 118], "74": [24, 48, 98], "75": [91, 25, 57], "76": [57, 25, 39], "77": [25, 12, 74], "78": [26, 98, 48], "79": [98, 26, 33], "80": [33, 26, 44], "81": [26, 48, 89], "82": [51, 27, 55], "83": [27, 59, 55], "84": [59, 27, 65], "85": [28, 21, 43, 116], "86": [29, 37, 53, 94], "87": [37, 29, 100, 50], "88": [29, 94, 97], "89": [32, 8, 38], "90": [98, 33, 52], "91": [52, 33, 76, 81], "92": [76, 33, 71], "93": [34, 85, 87], "94": [34, 93, 61], "95": [93, 34, 87], "96": [35, 57, 39], "97": [36, 44, 26], "98": [44, 36, 70], "99": [36, 26, 89], "100": [53, 37, 41, 75], "101": [39, 25, 96], "102": [40, 79, 108, 49], "103": [13, 40, 84, 119], "104": [41, 117, 103, 75], "105": [42, 51, 55], "106": [51, 42, 5], "107": [42, 115, 5], "108": [115, 42, 74], "109": [116, 43, 88, 111], "110": [44, 71, 33], "111": [71, 44, 77], "112": [45, 92, 97], "113": [45, 97, 61], "114": [46, 88, 76, 71], "115": [6, 46, 113, 65], "116": [49, 108, 103, 117], "117": [40, 49, 62, 84], "118": [53, 114, 94], "119": [114, 53, 75, 109], "120": [120, 54, 72, 102], "121": [72, 54, 103, 108], "122": [9, 55, 102], "123": [56, 101, 86], "124": [58, 77, 106], "125": [77, 58, 113], "126": [113, 58, 59],