{"attributes": {"name": "FormDiagram", "loadpath": 0.0, "indset": null}, "dva": {"x": 0.0, "y": 0.0, "z": 0.0, "px": 0.0, "py": 0.0, "pz": 0.0, "t": 1.0, "is_anchor": false, "is_fixed": false, "_rx": 0.0, "_ry": 0.0, "_rz": 0.0, "is_roller": false, "tubmax": null, "tlbmax": null, "tub_reac": null}, "dea": {"q": -1.0, "lmin": 0.0, "lmax": 10000000.0, "hmin": 0.0, "hmax": 10000000.0, "_h": 0.0, "_f": 0.0, "_l": 0.0, "_a": 0.0, "_is_edge": true, "_is_tension": false, "f": -1.0, "is_symmetry": false, "is_ind": false, "qmin": -10000.0, "qmax": 1e-08}, "dfa": {"_is_loaded": true}, "vertex": {"0": {"x": 0.0, "y": 0.0, "z": 3.3166247903554, "is_fixed": true, "ub": 3.75, "lb": 2.839454172900137, "target": 3.3166247903554, "pz": -13.11652855437082}, "1": {"x": 1.6666666666666667, "y": 0.0, "z": 4.988876515698589, "ub": 5.286907308520634, "lb": 4.6852309322901995, "target": 4.988876515698589, "pz": -14.216769918974821}, "2": {"x": 0.0, "y": 1.6666666666666667, "z": 4.988876515698589, "ub": 5.286907308520634, "lb": 4.6852309322901995, "target": 4.988876515698589, "pz": -14.216769918974821}, "3": {"x": 1.6666666666666667, "y": 1.6666666666666667, "z": 4.988876515698589, "ub": 5.286907308520634, "lb": 4.6852309322901995, "target": 4.988876515698589, "pz": -38.64488069366886}, "4": {"x": 0.0, "y": 3.3333333333333335, "z": 5.7638721552635275, "ub": 6.023680122833733, "lb": 5.503155660366352, "target": 5.7638721552635275, "pz": -14.672299264841428}, "5": {"x": 1.6666666666666667, "y": 3.3333333333333335, "z": 5.7638721552635275, "ub": 6.023680122833733, "lb": 5.503155660366352, "target": 5.7638721552635275, "pz": -26.791763315753045}, "6": {"x": 0.0, "y": 5.0, "z": 6.0, "ub": 6.25, "lb": 5.75, "target": 6.0, "pz": -14.02758724610403}, "7": {"x": 1.6666666666666667, "y": 5.0, "z": 6.0, "ub": 6.25, "lb": 5.75, "target": 6.0, "pz": -28.05517449220806}, "8": {"x": 0.0, "y": 6.666666666666667, "z": 5.7638721552635275, "ub": 6.023680122833733, "lb": 5.503155660366352, "target": 5.7638721552635275, "pz": -14.672299264841424}, "9": {"x": 1.6666666666666667, "y": 6.666666666666667, "z": 5.7638721552635275, "ub": 6.023680122833733, "lb": 5.503155660366352, "target": 5.7638721552635275, "pz": -26.79176331575304}, "10": {"x": 0.0, "y": 8.333333333333334, "z": 4.988876515698588, "ub": 5.286907308520633, "lb": 4.685230932290199, "target": 4.988876515698588, "pz": -14.216769918974821}, "11": {"x": 1.6666666666666667, "y": 8.333333333333334, "z": 4.988876515698589, "ub": 5.286907308520634, "lb": 4.6852309322901995, "target": 4.988876515698589, "pz": -38.64488069366886}, "12": {"x": 0.0, "y": 10.0, "z": 3.3166247903554, "is_fixed": true, "ub": 3.75, "lb": 2.839454172900137, "target": 3.3166247903554, "pz": -13.116528554370817}, "13": {"x": 3.3333333333333335, "y": 0.0, "z": 5.7638721552635275, "ub": 6.023680122833733, "lb": 5.503155660366352, "target": 5.7638721552635275, "pz": -14.672299264841428}, "14": {"x": 3.3333333333333335, "y": 1.6666666666666667, "z": 5.7638721552635275, "ub": 6.023680122833733, "lb": 5.503155660366352, "target": 5.7638721552635275, "pz": -26.79176331575305}, "15": {"x": 3.3333333333333335, "y": 3.3333333333333335, "z": 5.7638721552635275, "ub": 6.023680122833733, "lb": 5.503155660366352, "target": 5.7638721552635275, "pz": -33.590652932559266}, "16": {"x": 3.3333333333333335, "y": 5.0, "z": 6.0, "ub": 6.25, "lb": 5.75, "target": 6.0, "pz": -23.37931207684005}, "17": {"x": 3.3333333333333335, "y": 6.666666666666667, "z": 5.7638721552635275, "ub": 6.023680122833733, "lb": 5.503155660366352, "target": 5.7638721552635275, "pz": -33.590652932559266}, "18": {"x": 3.3333333333333335, "y": 8.333333333333334, "z": 5.7638721552635275, "ub": 6.023680122833733, "lb": 5.503155660366352, "target": 5.7638721552635275, "pz": -26.79176331575305}, "19": {"x": 1.6666666666666667, "y": 10.0, "z": 4.988876515698589, "ub": 5.286907308520634, "lb": 4.6852309322901995, "target": 4.988876515698589, "pz": -14.21676991897481}, "20": {"x": 5.0, "y": 0.0, "z": 6.0, "ub": 6.25, "lb": 5.75, "target": 6.0, "pz": -14.02758724610403}, "21": {"x": 5.0, "y": 1.6666666666666667, "z": 6.0, "ub": 6.25, "lb": 5.75, "target": 6.0, "pz": -28.055174492208053}, "22": {"x": 5.0, "y": 3.3333333333333335, "z": 6.0, "ub": 6.25, "lb": 5.75, "target": 6.0, "pz": -23.37931207684005}, "23": {"x": 5.0, "y": 5.0, "z": 6.0, "ub": 6.25, "lb": 5.75, "target": 6.0, "pz": -37.40689932294408}, "24": {"x": 5.0, "y": 6.666666666666667, "z": 6.0, "ub": 6.25, "lb": 5.75, "target": 6.0, "pz": -23.379312076840048}, "25": {"x": 5.0, "y": 8.333333333333334, "z": 6.0, "ub": 6.25, "lb": 5.75, "target": 6.0, "pz": -28.055174492208074}, "26": {"x": 3.3333333333333335, "y": 10.0, "z": 5.7638721552635275, "ub": 6.023680122833733, "lb": 5.503155660366352, "target": 5.7638721552635275, "pz": -14.672299264841413}, "27": {"x": 6.666666666666667, "y": 0.0, "z": 5.7638721552635275, "ub": 6.023680122833733, "lb": 5.503155660366352, "target": 5.7638721552635275, "pz": -14.672299264841428}, "28": {"x": 6.666666666666667, "y": 1.6666666666666667, "z": 5.7638721552635275, "ub": 6.023680122833733, "lb": 5.503155660366352, "target": 5.7638721552635275, "pz": -26.79176331575305}, "29": {"x": 6.666666666666667, "y": 3.3333333333333335, "z": 5.7638721552635275, "ub": 6.023680122833733, "lb": 5.503155660366352, "target": 5.7638721552635275, "pz": -33.590652932559266}, "30": {"x": 6.666666666666667, "y": 5.0, "z": 6.0, "ub": 6.25, "lb": 5.75, "target": 6.0, "pz": -23.37931207684006}, "31": {"x": 6.666666666666667, "y": 6.666666666666667, "z": 5.7638721552635275, "ub": 6.023680122833733, "lb": 5.503155660366352, "target": 5.7638721552635275, "pz": -33.590652932559266}, "32": {"x": 6.666666666666667, "y": 8.333333333333334, "z": 5.7638721552635275, "ub": 6.023680122833733, "lb": 5.503155660366352, "target": 5.7638721552635275, "pz": -26.791763315753055}, "33": {"x": 5.0, "y": 10.0, "z": 6.0, "ub": 6.25, "lb": 5.75, "target": 6.0, "pz": -14.02758724610402}, "34": {"x": 8.333333333333334, "y": 0.0, "z": 4.988876515698588, "ub": 5.286907308520633, "lb": 4.685230932290199, "target": 4.988876515698588, "pz": -14.216769918974826}, "35": {"x": 8.333333333333334, "y": 1.6666666666666667, "z": 4.988876515698589, "ub": 5.286907308520634, "lb": 4.6852309322901995, "target": 4.988876515698589, "pz": -38.64488069366885}, "36": {"x": 8.333333333333334, "y": 3.3333333333333335, "z": 5.7638721552635275, "ub": 6.023680122833733, "lb": 5.503155660366352, "target": 5.7638721552635275, "pz": -26.79176331575305}, "37": {"x": 8.333333333333334, "y": 5.0, "z": 6.0, "ub": 6.25, "lb": 5.75, "target": 6.0, "pz": -28.05517449220806}, "38": {"x": 8.333333333333334, "y": 6.666666666666667, "z": 5.7638721552635275, "ub": 6.023680122833733, "lb": 5.503155660366352, "target": 5.7638721552635275, "pz": -26.791763315753045}, "39": {"x": 8.333333333333334, "y": 8.333333333333334, "z": 4.988876515698588, "ub": 5.286907308520633, "lb": 4.685230932290199, "target": 4.988876515698588, "pz": -38.64488069366887}, "40": {"x": 6.666666666666667, "y": 10.0, "z": 5.7638721552635275, "ub": 6.023680122833733, "lb": 5.503155660366352, "target": 5.7638721552635275, "pz": -14.672299264841415}, "41": {"x": 10.0, "y": 0.0, "z": 3.3166247903554, "is_fixed": true, "ub": 3.75, "lb": 2.839454172900137, "target": 3.3166247903554, "pz": -13.116528554370808}, "42": {"x": 10.0, "y": 1.6666666666666667, "z": 4.988876515698589, "ub": 5.286907308520634, "lb": 4.6852309322901995, "target": 4.988876515698589, "pz": -14.216769918974812}, "43": {"x": 10.0, "y": 3.3333333333333335, "z": 5.7638721552635275, "ub": 6.023680122833733, "lb": 5.503155660366352, "target": 5.7638721552635275, "pz": -14.672299264841413}, "44": {"x": 10.0, "y": 5.0, "z": 6.0, "ub": 6.25, "lb": 5.75, "target": 6.0, "pz": -14.02758724610402}, "45": {"x": 10.0, "y": 6.666666666666667, "z": 5.7638721552635275, "ub": 6.023680122833733, "lb": 5.503155660366352, "target": 5.7638721552635275, "pz": -14.672299264841413}, "46": {"x": 10.0,