{"max_vertex": 104, "max_face": 103, "dfa": {}, "vertex": {"0": {"y": 5.0, "z": 0.0, "x": 0.0}, "1": {"y": 5.0, "z": 0.0, "x": 0.625}, "2": {"y": 2.5, "z": 0.0, "x": 0.66987299919128418}, "3": {"y": 7.5, "z": 0.0, "x": 0.66987299919128418}, "4": {"y": 2.8125, "z": 0.0, "x": 1.2111388444900513}, "5": {"y": 7.1875, "z": 0.0, "x": 1.2111388444900513}, "6": {"y": 5.0, "z": 0.0, "x": 1.25}, "7": {"y": 3.125, "z": 0.0, "x": 1.7524046897888184}, "8": {"y": 6.875, "z": 0.0, "x": 1.7524046897888184}, "9": {"y": 5.0, "z": 0.0, "x": 1.875}, "10": {"y": 3.4375, "z": 0.0, "x": 2.293670654296875}, "11": {"y": 6.5625, "z": 0.0, "x": 2.293670654296875}, "12": {"y": 0.66987299919128418, "z": 0.0, "x": 2.5}, "13": {"y": 5.0, "z": 0.0, "x": 2.5}, "14": {"y": 9.3301267623901367, "z": 0.0, "x": 2.5}, "15": {"y": 1.2111388444900513, "z": 0.0, "x": 2.8125}, "16": {"y": 8.7888612747192383, "z": 0.0, "x": 2.8125}, "17": {"y": 3.75, "z": 0.0, "x": 2.8349363803863525}, "18": {"y": 6.25, "z": 0.0, "x": 2.8349363803863525}, "19": {"y": 1.7524046897888184, "z": 0.0, "x": 3.125}, "20": {"y": 5.0, "z": 0.0, "x": 3.125}, "21": {"y": 8.2475948333740234, "z": 0.0, "x": 3.125}, "22": {"y": 4.0625, "z": 0.0, "x": 3.3762023448944092}, "23": {"y": 5.9375, "z": 0.0, "x": 3.3762023448944092}, "24": {"y": 2.293670654296875, "z": 0.0, "x": 3.4375}, "25": {"y": 7.706329345703125, "z": 0.0, "x": 3.4375}, "26": {"y": 2.8349363803863525, "z": 0.0, "x": 3.75}, "27": {"y": 5.0, "z": 0.0, "x": 3.75}, "28": {"y": 7.1650633811950684, "z": 0.0, "x": 3.75}, "29": {"y": 4.375, "z": 0.0, "x": 3.9174683094024658}, "30": {"y": 5.625, "z": 0.0, "x": 3.9174683094024658}, "31": {"y": 3.3762023448944092, "z": 0.0, "x": 4.0625}, "32": {"y": 6.6237974166870117, "z": 0.0, "x": 4.0625}, "33": {"y": 3.9174683094024658, "z": 0.0, "x": 4.375}, "34": {"y": 5.0, "z": 0.0, "x": 4.375}, "35": {"y": 6.0825319290161133, "z": 0.0, "x": 4.375}, "36": {"y": 4.6875, "z": 0.0, "x": 4.4587340354919434}, "37": {"y": 5.3125, "z": 0.0, "x": 4.4587340354919434}, "38": {"y": 4.4587340354919434, "z": 0.0, "x": 4.6875}, "39": {"y": 5.5412659645080566, "z": 0.0, "x": 4.6875}, "40": {"y": 0.0, "z": 0.0, "x": 5.0}, "41": {"y": 0.625, "z": 0.0, "x": 5.0}, "42": {"y": 1.25, "z": 0.0, "x": 5.0}, "43": {"y": 1.875, "z": 0.0, "x": 5.0}, "44": {"y": 2.5, "z": 0.0, "x": 5.0}, "45": {"y": 3.125, "z": 0.0, "x": 5.0}, "46": {"y": 3.75, "z": 0.0, "x": 5.0}, "47": {"y": 4.375, "z": 0.0, "x": 5.0}, "48": {"y": 5.0, "z": 0.0, "x": 5.0}, "49": {"y": 5.625, "z": 0.0, "x": 5.0}, "50": {"y": 6.25, "z": 0.0, "x": 5.0}, "51": {"y": 6.875, "z": 0.0, "x": 5.0}, "52": {"y": 7.5, "z": 0.0, "x": 5.0}, "53": {"y": 8.125, "z": 0.0, "x": 5.0}, "54": {"y": 8.75, "z": 0.0, "x": 5.0}, "55": {"y": 9.375, "z": 0.0, "x": 5.0}, "56": {"y": 10.0, "z": 0.0, "x": 5.0}, "57": {"y": 4.4587340354919434, "z": 0.0, "x": 5.3125}, "58": {"y": 5.5412659645080566, "z": 0.0, "x": 5.3125}, "59": {"y": 4.6875, "z": 0.0, "x": 5.5412659645080566}, "60": {"y": 5.3125, "z": 0.0, "x": 5.5412659645080566}, "61": {"y": 3.9174683094024658, "z": 0.0, "x": 5.625}, "62": {"y": 5.0, "z": 0.0, "x": 5.625}, "63": {"y": 6.0825319290161133, "z": 0.0, "x": 5.625}, "64": {"y": 3.3762023448944092, "z": 0.0, "x": 5.9375}, "65": {"y": 6.6237974166870117, "z": 0.0, "x": 5.9375}, "66": {"y": 4.375, "z": 0.0, "x": 6.0825319290161133}, "67": {"y": 5.625, "z": 0.0, "x": 6.0825319290161133}, "68": {"y": 2.8349363803863525, "z": 0.0, "x": 6.25}, "69": {"y": 5.0, "z": 0.0, "x": 6.25}, "70": {"y": 7.1650633811950684, "z": 0.0, "x": 6.25}, "71": {"y": 2.293670654296875, "z": 0.0, "x": 6.5625}, "72": {"y": 7.706329345703125, "z": 0.0, "x": 6.5625}, "73": {"y": 4.0625, "z": 0.0, "x": 6.6237974166870117}, "74": {"y": 5.9375, "z": 0.0, "x": 6.6237974166870117}, "75": {"y": 1.7524046897888184, "z": 0.0, "x": 6.875}, "76": {"y": 5.0, "z": 0.0, "x": 6.875}, "77": {"y": 8.2475948333740234, "z": 0.0, "x": 6.875}, "78": {"y": 3.75, "z": 0.0, "x": 7.1650633811950684}, "79": {"y": 6.25, "z": 0.0, "x": 7.1650633811950684}, "80": {"y": 1.2111388444900513, "z": 0.0, "x": 7.1875}, "81": {"y": 8.7888612747192383, "z": 0.0, "x": 7.1875}, "82": {"y": 0.66987299919128418, "z": 0.0, "x": 7.5}, "83": {"y": 5.0, "z": 0.0, "x": 7.5}, "84": {"y": 9.3301267623901367, "z": 0.0, "x": 7.5}, "85": {"y": 3.4375, "z": 0.0, "x": 7.706329345703125}, "86": {"y": 6.5625, "z": 0.0, "x": 7.706329345703125}, "87": {"y": 4.6977972984313965, "z": 0.0, "x": 8.0440254211425781}, "88": {"y": 5.3022027015686035, "z": 0.0, "x": 8.0440254211425781}, "89": {"y": 5.0, "z": 0.0, "x": 8.125}, "90": {"y": 3.125, "z": 0.0, "x": 8.2475948333740234}, "91": {"y": 6.875, "z": 0.0, "x": 8.2475948333740234}, "92": {"y": 4.395594596862793, "z": 0.0, "x": 8.5880498886108398}, "93": {"y": 5.604405403137207, "z": 0.0, "x": 8.5880498886108398}, "94": {"y": 5.0, "z": 0.0, "x": 8.75}, "95": {"y": 2.8125, "z": 0.0, "x": 8.7888612747192383}, "96": {"y": 7.1875, "z": 0.0, "x": 8.7888612747192383}, "97": {"y": 4.0933918952941895, "z": 0.0, "x": 9.132075309753418}, "98": {"y": 5.9066081047058105, "z": 0.0, "x": 9.132075309753418}, "99": {"y": 2.5, "z": 0.0, "x": 9.3301267623901367}, "100": {"y": 7.5, "z": 0.0, "x": 9.3301267623901367}, "101": {"y": 5.0, "z": 0.0, "x": 9.375}, "102": {"y": 3.7059047222137451, "z": 0.0, "x": 9.8296289443969727}, "103": {"y": 6.2940950393676758, "z": 0.0, "x": 9.8296289443969727}, "104": {"y": 5.0, "z": 0.0, "x": 10.0}}, "dea": {}, "face": {"0": [73, 76, 83, 78], "1": [78, 83, 87, 85], "2": [66, 69, 76, 73], "3": [59, 62, 69, 66], "4": [48, 62, 59], "5": [95, 97, 102, 99], "6": [80, 95, 99, 82], "7": [90, 92, 97, 95], "8": [75, 90, 95, 80], "9": [85, 87, 92, 90], "10": [71, 85, 90, 75], "11": [68, 78, 85, 71], "12": [48, 59, 57], "13": [57, 59, 66, 61], "14": [61, 66, 73, 64], "15": [64, 73, 78, 68], "16": [40, 41, 80, 82], "17": [41, 42, 75, 80], "18": [42, 43, 71, 75], "19": [43, 44, 68, 71], "20": [47, 48, 57], "21": [46, 47, 57, 61], "22": [45, 46, 61, 64], "23": [44, 45, 64, 68], "24": [12, 15, 41, 40], "25": [15, 19, 42, 41], "26": [19, 24, 43, 42], "27": [24, 26, 44, 43], "28": [38, 48, 47], "29": [33, 38, 47, 46], "30": [31, 33, 46, 45], "31": [26, 31, 45, 44], "32": [2, 4, 15, 12], "33": [4, 7, 19, 15], "34": [7, 10, 24, 19], "35": [10, 17, 26, 24], "36": [36, 48, 38], "37": [29, 36, 38, 33], "38": [22, 29, 33, 31], "39": [17, 22, 31, 26], "40": [0, 1, 4, 2], "41": [1, 6, 7, 4], "42": [6, 9, 10, 7], "43": [9, 13, 17, 10], "44": [34, 48, 36], "45": [27, 34, 36, 29], "46": [20, 27, 29, 22], "47": [13, 20, 22, 17], "48": [0, 3, 5, 1], "49": [1, 5, 8, 6], "50": [6, 8, 11, 9], "51": [9, 11, 18, 13], "52": [34, 37, 48], "53": [27, 30, 37, 34], "54": [20, 23, 30, 27], "55": [13, 18, 23, 20], "56": [3, 14, 16, 5], "57": [5, 16, 21, 8], "58": [8, 21, 25, 11], "59": [11, 25, 28, 18], "60": [37, 39, 48], "61": [30, 35, 39, 37], "62": [23, 32, 35, 30], "63": [18, 28, 32, 23], "64": [14, 56, 55, 16], "65": [16, 55, 54, 21], "66": [21, 54, 53, 25], "67": [25, 53, 52, 28], "68": [39, 49, 48], "69": [35, 50, 49, 39], "70": [32, 51, 50, 35], "71": [28, 52, 51, 32], "72": [55, 56, 84, 81], "73": [54, 55, 81, 77], "74": [53, 54, 77, 72], "75": [52, 53, 72, 70], "76": [48, 49, 58], "77": [49, 50, 63, 58], "78": [50, 51, 65, 63], "79": [51, 52, 70, 65], "80": [81, 84, 100, 96], "81": [77, 81, 96, 91], "82": [72, 77, 91, 86], "83": [70, 72, 86, 79], "84": [48, 58, 60], "85": [58, 63, 67, 60], "86": [63, 65, 74, 67], "87": [65, 70, 79, 74], "88": [96, 100, 103, 98], "89": [91, 96, 98, 93], "90": [86, 91, 93, 88], "91": [79, 86, 88, 83], "92": [48, 60, 62], "93": [60, 67, 69, 62], "94": [67, 74, 76, 69], "95": [74, 79, 83, 76], "96": [98, 103, 104, 101], "97": [97, 101, 104, 102], "98": [93, 98, 101, 94], "99": [92, 94, 101, 97], "100": [88, 93, 94, 89], "101": [87, 89, 94, 92], "102": [83, 88, 89], "103": [83, 89, 87]}, "facedata": {"0": {}, "1": {}, "2": {}, "3": {}, "4": {}, "5": {}, "6": {}, "7": {}, "8": {}, "9": {}, "10": {}, "11": {}, "12": {}, "13": {}, "14": {},