{"max_vertex": 150, "max_face": 156, "dfa": {}, "vertex": {"0": {"y": 3.9174681901931763, "z": 0.0, "x": 5.625}, "1": {"y": 7.8349363803863525, "z": 0.0, "x": 6.0825318098068237}, "2": {"y": 2.293670654296875, "z": 0.0, "x": 6.5625}, "3": {"y": 6.4433757066726685, "z": 0.0, "x": 7.5}, "4": {"y": 6.768829345703125, "z": 0.0, "x": 7.5}, "5": {"y": 9.2783122062683105, "z": 0.0, "x": 5.3608439266681671}, "6": {"y": 10.0, "z": 0.0, "x": 5.0}, "7": {"y": 5.625, "z": 0.0, "x": 6.0825318098068237}, "8": {"y": 5.0, "z": 0.0, "x": 0.625}, "9": {"y": 5.0, "z": 0.0, "x": 4.375}, "10": {"y": 2.3774046897888184, "z": 0.0, "x": 7.5}, "11": {"y": 6.0825318098068237, "z": 0.0, "x": 5.625}, "12": {"y": 8.2475953102111816, "z": 0.0, "x": 6.875}, "13": {"y": 8.4763610363006592, "z": 0.0, "x": 7.5}, "14": {"y": 6.875, "z": 0.0, "x": 8.2475953102111816}, "15": {"y": 3.125, "z": 0.0, "x": 5.0}, "16": {"y": 3.125, "z": 0.0, "x": 1.7524046897888184}, "17": {"y": 8.7888610363006592, "z": 0.0, "x": 2.8125}, "18": {"y": 3.125, "z": 0.0, "x": 8.8725953102111816}, "19": {"y": 7.6888229846954346, "z": 0.0, "x": 8.2875380516052246}, "20": {"y": 5.0, "z": 0.0, "x": 2.5}, "21": {"y": 5.0, "z": 0.0, "x": 6.875}, "22": {"y": 7.706329345703125, "z": 0.0, "x": 3.4375}, "23": {"y": 7.1650636196136475, "z": 0.0, "x": 6.25}, "24": {"y": 3.7384821176528931, "z": 0.0, "x": 7.1850130558013916}, "25": {"y": 7.5, "z": 0.0, "x": 0.66987276077270508}, "26": {"y": 6.2615178823471069, "z": 0.0, "x": 7.1850130558013916}, "27": {"y": 6.2940952777862549, "z": 0.0, "x": 9.8296289443969727}, "28": {"y": 5.9066081047058105, "z": 0.0, "x": 9.132075309753418}, "29": {"y": 6.25, "z": 0.0, "x": 2.8349363803863525}, "30": {"y": 6.5625, "z": 0.0, "x": 7.706329345703125}, "31": {"y": 7.6225953102111816, "z": 0.0, "x": 7.5}, "32": {"y": 5.3125, "z": 0.0, "x": 4.4587340950965881}, "33": {"y": 7.3205080032348633, "z": 0.0, "x": 6.3397459983825684}, "34": {"y": 3.9174681901931763, "z": 0.0, "x": 4.375}, "35": {"y": 8.75, "z": 0.0, "x": 5.0000000000000009}, "36": {"y": 3.4375, "z": 0.0, "x": 7.706329345703125}, "37": {"y": 0.0, "z": 0.0, "x": 5.0}, "38": {"y": 5.0, "z": 0.0, "x": 6.25}, "39": {"y": 1.7524046897888184, "z": 0.0, "x": 3.125}, "40": {"y": 7.1875, "z": 0.0, "x": 8.7888610363006592}, "41": {"y": 3.3762023448944092, "z": 0.0, "x": 5.9375}, "42": {"y": 8.125, "z": 0.0, "x": 5.0000000000000009}, "43": {"y": 3.75, "z": 0.0, "x": 5.0}, "44": {"y": 8.3009753227233887, "z": 0.0, "x": 6.6757831573486328}, "45": {"y": 2.293670654296875, "z": 0.0, "x": 3.4375}, "46": {"y": 4.0933918952941895, "z": 0.0, "x": 9.132075309753418}, "47": {"y": 6.6237976551055908, "z": 0.0, "x": 4.0625}, "48": {"y": 5.0, "z": 0.0, "x": 7.5}, "49": {"y": 1.25, "z": 0.0, "x": 5.0}, "50": {"y": 2.5, "z": 0.0, "x": 0.66987276077270508}, "51": {"y": 6.0825318098068237, "z": 0.0, "x": 4.375}, "52": {"y": 4.375, "z": 0.0, "x": 5.0}, "53": {"y": 0.625, "z": 0.0, "x": 5.0}, "54": {"y": 4.6875, "z": 0.0, "x": 5.5412659049034119}, "55": {"y": 2.8125, "z": 0.0, "x": 1.2111389636993408}, "56": {"y": 3.5566242933273315, "z": 0.0, "x": 7.5}, "57": {"y": 6.8519371747970581, "z": 0.0, "x": 6.5740313529968262}, "58": {"y": 7.5, "z": 0.0, "x": 9.3301272392272949}, "59": {"y": 6.25, "z": 0.0, "x": 5.0}, "60": {"y": 5.0, "z": 0.0, "x": 1.25}, "61": {"y": 4.6875, "z": 0.0, "x": 4.4587340950965881}, "62": {"y": 9.375, "z": 0.0, "x": 5.0000000000000009}, "63": {"y": 5.5412659049034119, "z": 0.0, "x": 4.6875}, "64": {"y": 8.2475953102111816, "z": 0.0, "x": 3.125}, "65": {"y": 1.7524046897888184, "z": 0.0, "x": 6.875}, "66": {"y": 5.0, "z": 0.0, "x": 8.125}, "67": {"y": 5.0, "z": 0.0, "x": 9.375}, "68": {"y": 6.7371273040771484, "z": 0.0, "x": 8.0087928771972656}, "69": {"y": 6.875, "z": 0.0, "x": 8.8725953102111816}, "70": {"y": 8.7888610363006592, "z": 0.0, "x": 7.1875}, "71": {"y": 5.0, "z": 0.0, "x": 5.0}, "72": {"y": 3.8856049776077271, "z": 0.0, "x": 7.8263988494873047}, "73": {"y": 4.6977972984313965, "z": 0.0, "x": 8.0440249443054199}, "74": {"y": 3.125, "z": 0.0, "x": 8.2475953102111816}, "75": {"y": 1.2111389636993408, "z": 0.0, "x": 7.1875}, "76": {"y": 9.3301272392272949, "z": 0.0, "x": 7.5}, "77": {"y": 5.5412659049034119, "z": 0.0, "x": 5.3125}, "78": {"y": 9.3301272392272949, "z": 0.0, "x": 2.5}, "79": {"y": 4.375, "z": 0.0, "x": 7.9575316905975342}, "80": {"y": 7.0284700393676758, "z": 0.0, "x": 8.0941250324249268}, "81": {"y": 3.3762023448944092, "z": 0.0, "x": 4.0625}, "82": {"y": 6.25, "z": 0.0, "x": 8.4150636196136475}, "83": {"y": 4.375, "z": 0.0, "x": 6.0825318098068237}, "84": {"y": 2.8349363803863525, "z": 0.0, "x": 3.75}, "85": {"y": 5.0, "z": 0.0, "x": 10.0}, "86": {"y": 1.2111389636993408, "z": 0.0, "x": 2.8125}, "87": {"y": 2.8349363803863525, "z": 0.0, "x": 6.25}, "88": {"y": 6.875, "z": 0.0, "x": 5.0}, "89": {"y": 0.17037105560302734, "z": 0.0, "x": 6.2940952777862549}, "90": {"y": 1.6990246772766113, "z": 0.0, "x": 6.6757831573486328}, "91": {"y": 3.7059047222137451, "z": 0.0, "x": 9.8296289443969727}, "92": {"y": 5.0, "z": 0.0, "x": 3.75}, "93": {"y": 2.5, "z": 0.0, "x": 5.0}, "94": {"y": 5.625, "z": 0.0, "x": 5.0}, "95": {"y": 6.5625, "z": 0.0, "x": 2.293670654296875}, "96": {"y": 4.0625, "z": 0.0, "x": 6.6237976551055908}, "97": {"y": 5.9375, "z": 0.0, "x": 6.6237976551055908}, "98": {"y": 1.0292115211486816, "z": 0.0, "x": 6.5085382461547852}, "99": {"y": 7.706329345703125, "z": 0.0, "x": 6.5625}, "100": {"y": 5.604405403137207, "z": 0.0, "x": 8.5880501270294189}, "101": {"y": 3.8799538612365723, "z": 0.0, "x": 6.9399769306182861}, "102": {"y": 6.1200461387634277, "z": 0.0, "x": 6.9399769306182861}, "103": {"y": 6.1143950223922729, "z": 0.0, "x": 7.8263988494873047}, "104": {"y": 4.375, "z": 0.0, "x": 3.9174681901931763}, "105": {"y": 3.1480628252029419, "z": 0.0, "x": 6.5740313529968262}, "106": {"y": 5.625, "z": 0.0, "x": 3.9174681901931763}, "107": {"y": 4.4587340950965881, "z": 0.0, "x": 5.3125}, "108": {"y": 3.2628726959228516, "z": 0.0, "x": 8.0087928771972656}, "109": {"y": 1.875, "z": 0.0, "x": 5.0}, "110": {"y": 9.8296289443969727, "z": 0.0, "x": 6.2940952777862549}, "111": {"y": 2.9715299606323242, "z": 0.0, "x": 8.0941250324249268}, "112": {"y": 7.1650636196136475, "z": 0.0, "x": 3.75}, "113": {"y": 4.4587340950965881, "z": 0.0, "x": 4.6875}, "114": {"y": 1.4644660949707031, "z": 0.0, "x": 8.5355339050292969}, "115": {"y": 0.66987276077270508, "z": 0.0, "x": 2.5}, "116": {"y": 5.3022027015686035, "z": 0.0, "x": 8.0440249443054199}, "117": {"y": 0.72168779373168945, "z": 0.0, "x": 5.3608439266681671}, "118": {"y": 1.4433755874633789, "z": 0.0, "x": 5.7216878533363342}, "119": {"y": 7.3574612140655518, "z": 0.0, "x": 6.9113681316375732}, "120": {"y": 7.5, "z": 0.0, "x": 5.0000000000000009}, "121": {"y": 5.625, "z": 0.0, "x": 7.9575316905975342}, "122": {"y": 5.3125, "z": 0.0, "x": 5.5412659049034119}, "123": {"y": 8.0228314399719238, "z": 0.0, "x": 6.7452325820922852}, "124": {"y": 7.1875, "z": 0.0, "x": 1.2111389636993408}, "125": {"y": 3.4375, "z": 0.0, "x": 2.293670654296875}, "126": {"y": 8.5355339050292969, "z": 0.0, "x": 8.5355339050292969}, "127": {"y": 4.395594596862793, "z": 0.0, "x": 8.5880501270294189}, "128": {"y": 3.75, "z": 0.0, "x": 2.8349363803863525}, "129": {"y": 5.0, "z": 0.0, "x": 3.125}, "130": {"y": 6.875, "z": 0.0, "x": 1.7524046897888184}, "131": {"y": 2.3111770153045654, "z": 0.0, "x": 8.2875380516052246}, "132": {"y": 4.0625, "z": 0.0, "x": 3.3762023448944092}, "133": {"y": 2.6425387859344482, "z": 0.0, "x": 6.9113681316375732}, "134": {"y": 0.66987276077270508, "z": 0.0, "x": 7.5}, "135": {"y": 3.231170654296875, "z": 0.0, "x": 7.5}, "136": {"y": 3.75, "z": 0.0, "x": 8.4150636196136475}, "137": {"y": 6.6237976551055908, "z": 0.0, "x": 5.9375}, "138": {"y": 2.8125, "z": 0.0, "x": 8.7888610363006592}, "139": {"y": 8.5566244125366211, "z": 0.0, "x": 5.7216878533363342}, "140": {"y": 5.0, "z": 0.0, "x": 0.0}, "141": {"y": 5.9375, "z": 0.0, "x": 3.3762023448944092}, "142": {"y": 5.0, "z": 0.0,