{"max_vertex": 110, "max_face": 126, "dfa": {}, "vertex": {"0": {"y": 3.9174681901931763, "z": 0.0, "x": 5.625}, "1": {"y": 2.293670654296875, "z": 0.0, "x": 6.5625}, "2": {"y": 10.0, "z": 0.0, "x": 5.0000000000000018}, "3": {"y": 5.625, "z": 0.0, "x": 6.0825318098068237}, "4": {"y": 3.75, "z": 0.0, "x": 7.1650636196136475}, "5": {"y": 5.0, "z": 0.0, "x": 0.625}, "6": {"y": 5.0, "z": 0.0, "x": 4.375}, "7": {"y": 6.0825318098068237, "z": 0.0, "x": 5.625}, "8": {"y": 8.2475953102111816, "z": 0.0, "x": 6.875}, "9": {"y": 6.875, "z": 0.0, "x": 8.2475953102111816}, "10": {"y": 3.125, "z": 0.0, "x": 5.0}, "11": {"y": 3.125, "z": 0.0, "x": 1.7524046897888184}, "12": {"y": 8.7888610363006592, "z": 0.0, "x": 2.8125}, "13": {"y": 3.125, "z": 0.0, "x": 8.8725953102111816}, "14": {"y": 5.0, "z": 0.0, "x": 2.5}, "15": {"y": 5.0, "z": 0.0, "x": 6.875}, "16": {"y": 7.706329345703125, "z": 0.0, "x": 3.4375}, "17": {"y": 7.1650636196136475, "z": 0.0, "x": 6.25}, "18": {"y": 7.5, "z": 0.0, "x": 0.66987276077270508}, "19": {"y": 6.2940952777862549, "z": 0.0, "x": 9.8296289443969727}, "20": {"y": 5.9066081047058105, "z": 0.0, "x": 9.132075309753418}, "21": {"y": 6.25, "z": 0.0, "x": 2.8349363803863525}, "22": {"y": 6.5625, "z": 0.0, "x": 7.706329345703125}, "23": {"y": 5.3125, "z": 0.0, "x": 4.4587340950965881}, "24": {"y": 3.9174681901931763, "z": 0.0, "x": 4.375}, "25": {"y": 8.75, "z": 0.0, "x": 5.0000000000000009}, "26": {"y": 3.4375, "z": 0.0, "x": 7.706329345703125}, "27": {"y": 0.0, "z": 0.0, "x": 5.0}, "28": {"y": 5.0, "z": 0.0, "x": 6.25}, "29": {"y": 1.7524046897888184, "z": 0.0, "x": 3.125}, "30": {"y": 7.1875, "z": 0.0, "x": 8.7888610363006592}, "31": {"y": 3.3762023448944092, "z": 0.0, "x": 5.9375}, "32": {"y": 8.125, "z": 0.0, "x": 5.0000000000000009}, "33": {"y": 3.75, "z": 0.0, "x": 5.0}, "34": {"y": 2.293670654296875, "z": 0.0, "x": 3.4375}, "35": {"y": 4.0933918952941895, "z": 0.0, "x": 9.132075309753418}, "36": {"y": 6.6237976551055908, "z": 0.0, "x": 4.0625}, "37": {"y": 5.0, "z": 0.0, "x": 7.5}, "38": {"y": 1.25, "z": 0.0, "x": 5.0}, "39": {"y": 2.5, "z": 0.0, "x": 0.66987276077270508}, "40": {"y": 6.0825318098068237, "z": 0.0, "x": 4.375}, "41": {"y": 4.375, "z": 0.0, "x": 5.0}, "42": {"y": 0.625, "z": 0.0, "x": 5.0}, "43": {"y": 4.6875, "z": 0.0, "x": 5.5412659049034119}, "44": {"y": 2.8125, "z": 0.0, "x": 1.2111389636993408}, "45": {"y": 7.5, "z": 0.0, "x": 9.3301272392272949}, "46": {"y": 6.25, "z": 0.0, "x": 5.0}, "47": {"y": 5.0, "z": 0.0, "x": 1.25}, "48": {"y": 4.6875, "z": 0.0, "x": 4.4587340950965881}, "49": {"y": 9.375, "z": 0.0, "x": 5.0000000000000009}, "50": {"y": 5.5412659049034119, "z": 0.0, "x": 4.6875}, "51": {"y": 8.2475953102111816, "z": 0.0, "x": 3.125}, "52": {"y": 1.7524046897888184, "z": 0.0, "x": 6.875}, "53": {"y": 5.0, "z": 0.0, "x": 8.125}, "54": {"y": 5.0, "z": 0.0, "x": 9.375}, "55": {"y": 6.875, "z": 0.0, "x": 8.8725953102111816}, "56": {"y": 8.7888610363006592, "z": 0.0, "x": 7.1875}, "57": {"y": 5.0, "z": 0.0, "x": 5.0}, "58": {"y": 4.6977972984313965, "z": 0.0, "x": 8.0440249443054199}, "59": {"y": 3.125, "z": 0.0, "x": 8.2475953102111816}, "60": {"y": 1.2111389636993408, "z": 0.0, "x": 7.1875}, "61": {"y": 9.3301272392272949, "z": 0.0, "x": 7.5}, "62": {"y": 5.5412659049034119, "z": 0.0, "x": 5.3125}, "63": {"y": 9.3301272392272949, "z": 0.0, "x": 2.5}, "64": {"y": 4.375, "z": 0.0, "x": 7.9575316905975342}, "65": {"y": 3.3762023448944092, "z": 0.0, "x": 4.0625}, "66": {"y": 6.25, "z": 0.0, "x": 8.4150636196136475}, "67": {"y": 4.375, "z": 0.0, "x": 6.0825318098068237}, "68": {"y": 2.8349363803863525, "z": 0.0, "x": 3.75}, "69": {"y": 5.0, "z": 0.0, "x": 10.0}, "70": {"y": 1.2111389636993408, "z": 0.0, "x": 2.8125}, "71": {"y": 2.8349363803863525, "z": 0.0, "x": 6.25}, "72": {"y": 6.875, "z": 0.0, "x": 5.0}, "73": {"y": 3.7059047222137451, "z": 0.0, "x": 9.8296289443969727}, "74": {"y": 5.0, "z": 0.0, "x": 3.75}, "75": {"y": 2.5, "z": 0.0, "x": 5.0}, "76": {"y": 5.625, "z": 0.0, "x": 5.0}, "77": {"y": 6.5625, "z": 0.0, "x": 2.293670654296875}, "78": {"y": 4.0625, "z": 0.0, "x": 6.6237976551055908}, "79": {"y": 5.9375, "z": 0.0, "x": 6.6237976551055908}, "80": {"y": 7.706329345703125, "z": 0.0, "x": 6.5625}, "81": {"y": 6.25, "z": 0.0, "x": 7.1650636196136475}, "82": {"y": 5.604405403137207, "z": 0.0, "x": 8.5880501270294189}, "83": {"y": 4.375, "z": 0.0, "x": 3.9174681901931763}, "84": {"y": 5.625, "z": 0.0, "x": 3.9174681901931763}, "85": {"y": 4.4587340950965881, "z": 0.0, "x": 5.3125}, "86": {"y": 1.875, "z": 0.0, "x": 5.0}, "87": {"y": 7.1650636196136475, "z": 0.0, "x": 3.75}, "88": {"y": 4.4587340950965881, "z": 0.0, "x": 4.6875}, "89": {"y": 0.66987276077270508, "z": 0.0, "x": 2.5}, "90": {"y": 5.3022027015686035, "z": 0.0, "x": 8.0440249443054199}, "91": {"y": 7.5, "z": 0.0, "x": 5.0000000000000009}, "92": {"y": 5.625, "z": 0.0, "x": 7.9575316905975342}, "93": {"y": 5.3125, "z": 0.0, "x": 5.5412659049034119}, "94": {"y": 7.1875, "z": 0.0, "x": 1.2111389636993408}, "95": {"y": 3.4375, "z": 0.0, "x": 2.293670654296875}, "96": {"y": 4.395594596862793, "z": 0.0, "x": 8.5880501270294189}, "97": {"y": 3.75, "z": 0.0, "x": 2.8349363803863525}, "98": {"y": 5.0, "z": 0.0, "x": 3.125}, "99": {"y": 6.875, "z": 0.0, "x": 1.7524046897888184}, "100": {"y": 4.0625, "z": 0.0, "x": 3.3762023448944092}, "101": {"y": 0.66987276077270508, "z": 0.0, "x": 7.5}, "102": {"y": 3.75, "z": 0.0, "x": 8.4150636196136475}, "103": {"y": 6.6237976551055908, "z": 0.0, "x": 5.9375}, "104": {"y": 2.8125, "z": 0.0, "x": 8.7888610363006592}, "105": {"y": 5.0, "z": 0.0, "x": 0.0}, "106": {"y": 5.9375, "z": 0.0, "x": 3.3762023448944092}, "107": {"y": 5.0, "z": 0.0, "x": 8.75}, "108": {"y": 5.0, "z": 0.0, "x": 1.875}, "109": {"y": 5.0, "z": 0.0, "x": 5.625}, "110": {"y": 2.5, "z": 0.0, "x": 9.3301272392272949}}, "dea": {}, "face": {"1": [0, 31, 78, 67], "2": [31, 0, 33, 10], "3": [0, 67, 43, 85], "4": [1, 52, 26], "5": [52, 1, 86, 38], "6": [1, 26, 4, 71], "7": [2, 56, 61], "8": [56, 2, 49], "9": [3, 28, 15, 79], "10": [28, 3, 93, 109], "11": [3, 79, 103, 7], "12": [4, 37, 15, 78], "13": [37, 4, 26], "14": [5, 44, 11, 47], "15": [44, 5, 105, 39], "16": [5, 94, 18, 105], "17": [94, 5, 47, 99], "18": [6, 57, 23], "19": [57, 6, 48], "20": [6, 23, 84, 74], "21": [48, 6, 74, 83], "22": [3, 7, 62, 93], "23": [7, 103, 72, 46], "24": [8, 56, 49], "25": [56, 8, 9], "26": [8, 22, 9], "27": [22, 8, 80], "28": [9, 30, 56], "29": [30, 9, 66, 55], "30": [66, 9, 22, 92], "31": [31, 10, 75, 71], "32": [10, 33, 24, 65], "33": [11, 29, 34, 95], "34": [29, 11, 44, 70], "35": [11, 95, 108, 47], "36": [12, 49, 63], "37": [49, 12, 51, 25], "38": [51, 12, 94, 99], "39": [13, 35, 96, 102], "40": [35, 13, 110, 73], "41": [110, 13, 104], "42": [14, 21, 77, 108], "43": [21, 14, 98, 106], "44": [98, 14, 97, 100], "45": [97, 14, 108, 95], "46": [15, 37, 81, 79], "47": [16, 87, 91, 32], "48": [87, 16, 77, 21], "49": [16, 32, 25, 51], "50": [17, 80, 32, 91], "51": [80, 17, 81, 22], "52": [81, 17, 103, 79], "53": [63, 18, 94, 12], "54": [69, 19, 20, 54], "55": [54, 20, 82, 107], "56": [20, 19, 45, 55], "57": [21, 106, 36, 87], "58": [92, 22, 37], "59": [23, 50, 40, 84], "60": [50, 23, 57], "61": [24, 88, 48, 83], "62": [88, 24, 33, 41], "63": [49, 25, 8], "64": [8, 25, 32, 80], "65": [26, 64, 37], "66": [64, 26, 59, 102], "67": [59, 26, 52], "68": [27, 42, 89], "69": [42, 27, 60], "70": [27, 101, 60], "71": [15, 28, 67, 78], "72": [29, 38, 86, 34], "73": [38, 29, 70, 42], "74": [30, 45, 61], "75": [45, 30, 55], "76": [31, 71, 4, 78], "77": [33, 0, 85, 41], "78": [34, 86, 75, 68], "79": [34, 68, 97, 95], "80": [35, 73, 69, 54], "81": [35, 54, 107, 96], "82": [36, 72, 91, 87], "83": [72, 36, 40, 46], "84": [40, 36, 106, 84], "85": [37, 90, 92], "86": [90, 37, 53], "87": [37, 64, 58], "88": [37, 22, 81], "89": [53, 37, 58], "90": [52, 38, 42], "91": [44, 39, 89, 70], "92": [40, 50, 76, 46], "93": [41, 57, 88], "94": [57, 41, 85], "95": [52, 42, 60], "96": [43, 109, 57],