{"max_vertex": 110, "max_face": 125, "dfa": {}, "vertex": {"0": {"y": 0.0, "z": 0.0, "x": -5.0}, "1": {"y": 2.2204460492503131e-16, "z": 0.0, "x": -4.375}, "2": {"y": -2.5, "z": 0.0, "x": -4.3301272392272949}, "3": {"y": 2.5, "z": 0.0, "x": -4.3301272392272949}, "4": {"y": -2.1875, "z": 0.0, "x": -3.7888610363006592}, "5": {"y": 2.1875, "z": 0.0, "x": -3.7888610363006592}, "6": {"y": 0.0, "z": 0.0, "x": -3.75}, "7": {"y": -1.875, "z": 0.0, "x": -3.2475953102111816}, "8": {"y": 1.875, "z": 0.0, "x": -3.2475953102111816}, "9": {"y": 0.0, "z": 0.0, "x": -3.125}, "10": {"y": -1.5625, "z": 0.0, "x": -2.706329345703125}, "11": {"y": 1.5625, "z": 0.0, "x": -2.706329345703125}, "12": {"y": -4.3301272392272949, "z": 0.0, "x": -2.5}, "13": {"y": 0.0, "z": 0.0, "x": -2.5}, "14": {"y": 4.3301272392272949, "z": 0.0, "x": -2.5}, "15": {"y": -3.7888610363006592, "z": 0.0, "x": -2.1875}, "16": {"y": 3.7888610363006592, "z": 0.0, "x": -2.1875}, "17": {"y": -1.25, "z": 0.0, "x": -2.1650636196136475}, "18": {"y": 1.25, "z": 0.0, "x": -2.1650636196136475}, "19": {"y": -3.2475953102111816, "z": 0.0, "x": -1.875}, "20": {"y": 0.0, "z": 0.0, "x": -1.875}, "21": {"y": 3.2475953102111816, "z": 0.0, "x": -1.875}, "22": {"y": -0.9375, "z": 0.0, "x": -1.6237976551055908}, "23": {"y": 0.9375, "z": 0.0, "x": -1.6237976551055908}, "24": {"y": -2.706329345703125, "z": 0.0, "x": -1.5625}, "25": {"y": 2.706329345703125, "z": 0.0, "x": -1.5625}, "26": {"y": -2.1650636196136475, "z": 0.0, "x": -1.25}, "27": {"y": 0.0, "z": 0.0, "x": -1.25}, "28": {"y": 2.1650636196136475, "z": 0.0, "x": -1.25}, "29": {"y": -0.625, "z": 0.0, "x": -1.0825318098068237}, "30": {"y": 0.625, "z": 0.0, "x": -1.0825318098068237}, "31": {"y": -1.6237976551055908, "z": 0.0, "x": -0.9375}, "32": {"y": 1.6237976551055908, "z": 0.0, "x": -0.9375}, "33": {"y": -1.0825318098068237, "z": 0.0, "x": -0.625}, "34": {"y": 0.0, "z": 0.0, "x": -0.625}, "35": {"y": 1.0825318098068237, "z": 0.0, "x": -0.625}, "36": {"y": -0.3125, "z": 0.0, "x": -0.54126590490341187}, "37": {"y": 0.3125, "z": 0.0, "x": -0.54126590490341187}, "38": {"y": -0.54126590490341187, "z": 0.0, "x": -0.3125}, "39": {"y": 0.54126590490341187, "z": 0.0, "x": -0.3125}, "40": {"y": -5.0, "z": 0.0, "x": 0.0}, "41": {"y": -4.375, "z": 0.0, "x": 0.0}, "42": {"y": -3.75, "z": 0.0, "x": 0.0}, "43": {"y": -3.125, "z": 0.0, "x": 0.0}, "44": {"y": -2.5, "z": 0.0, "x": 0.0}, "45": {"y": -1.875, "z": 0.0, "x": 0.0}, "46": {"y": -1.25, "z": 0.0, "x": 0.0}, "47": {"y": -0.625, "z": 0.0, "x": 0.0}, "48": {"y": 0.0, "z": 0.0, "x": 0.0}, "49": {"y": 0.625, "z": 0.0, "x": 1.6653345369377348e-16}, "50": {"y": 1.25, "z": 0.0, "x": 3.3306690738754696e-16}, "51": {"y": 1.875, "z": 0.0, "x": 4.4408920985006262e-16}, "52": {"y": 2.5, "z": 0.0, "x": 6.6613381477509392e-16}, "53": {"y": 3.125, "z": 0.0, "x": 6.6613381477509392e-16}, "54": {"y": 3.75, "z": 0.0, "x": 8.8817841970012523e-16}, "55": {"y": 4.375, "z": 0.0, "x": 1.1102230246251565e-15}, "56": {"y": 5.0, "z": 0.0, "x": 1.3322676295501878e-15}, "57": {"y": -0.54126590490341187, "z": 0.0, "x": 0.3125}, "58": {"y": 0.54126590490341187, "z": 0.0, "x": 0.3125}, "59": {"y": -0.3125, "z": 0.0, "x": 0.54126590490341187}, "60": {"y": 0.3125, "z": 0.0, "x": 0.54126590490341187}, "61": {"y": -1.0825318098068237, "z": 0.0, "x": 0.625}, "62": {"y": 0.0, "z": 0.0, "x": 0.625}, "63": {"y": 1.0825318098068237, "z": 0.0, "x": 0.625}, "64": {"y": -1.6237976551055908, "z": 0.0, "x": 0.9375}, "65": {"y": 1.6237976551055908, "z": 0.0, "x": 0.9375}, "66": {"y": -0.625, "z": 0.0, "x": 1.0825318098068237}, "67": {"y": 0.625, "z": 0.0, "x": 1.0825318098068237}, "68": {"y": -2.1650636196136475, "z": 0.0, "x": 1.25}, "69": {"y": 0.0, "z": 0.0, "x": 1.25}, "70": {"y": 2.1650636196136475, "z": 0.0, "x": 1.25}, "71": {"y": -2.706329345703125, "z": 0.0, "x": 1.5625}, "72": {"y": 2.706329345703125, "z": 0.0, "x": 1.5625}, "73": {"y": -0.9375, "z": 0.0, "x": 1.6237976551055908}, "74": {"y": 0.9375, "z": 0.0, "x": 1.6237976551055908}, "75": {"y": -3.2475953102111816, "z": 0.0, "x": 1.875}, "76": {"y": 0.0, "z": 0.0, "x": 1.875}, "77": {"y": 3.2475953102111816, "z": 0.0, "x": 1.875}, "78": {"y": -1.25, "z": 0.0, "x": 2.1650636196136475}, "79": {"y": 1.25, "z": 0.0, "x": 2.1650636196136475}, "80": {"y": -3.7888610363006592, "z": 0.0, "x": 2.1875}, "81": {"y": 3.7888610363006592, "z": 0.0, "x": 2.1875}, "82": {"y": -4.3301272392272949, "z": 0.0, "x": 2.5}, "83": {"y": 0.0, "z": 0.0, "x": 2.5}, "84": {"y": 4.3301272392272949, "z": 0.0, "x": 2.5}, "85": {"y": -1.5625, "z": 0.0, "x": 2.706329345703125}, "86": {"y": 1.5625, "z": 0.0, "x": 2.706329345703125}, "87": {"y": -0.625, "z": 0.0, "x": 2.9575316905975342}, "88": {"y": 0.625, "z": 0.0, "x": 2.9575316905975342}, "89": {"y": -0.30220270156860352, "z": 0.0, "x": 3.0440249443054199}, "90": {"y": 0.30220270156860352, "z": 0.0, "x": 3.0440249443054199}, "91": {"y": 0.0, "z": 0.0, "x": 3.125}, "92": {"y": -1.875, "z": 0.0, "x": 3.2475953102111816}, "93": {"y": 1.875, "z": 0.0, "x": 3.2475953102111816}, "94": {"y": -1.25, "z": 0.0, "x": 3.4150636196136475}, "95": {"y": 1.25, "z": 0.0, "x": 3.4150636196136475}, "96": {"y": -0.60440540313720703, "z": 0.0, "x": 3.5880501270294189}, "97": {"y": 0.60440540313720703, "z": 0.0, "x": 3.5880501270294189}, "98": {"y": 0.0, "z": 0.0, "x": 3.75}, "99": {"y": -2.1875, "z": 0.0, "x": 3.7888610363006592}, "100": {"y": 2.1875, "z": 0.0, "x": 3.7888610363006592}, "101": {"y": -1.875, "z": 0.0, "x": 3.8725953102111816}, "102": {"y": 1.875, "z": 0.0, "x": 3.8725953102111816}, "103": {"y": -0.90660810470581055, "z": 0.0, "x": 4.132075309753418}, "104": {"y": 0.90660810470581055, "z": 0.0, "x": 4.132075309753418}, "105": {"y": -2.5, "z": 0.0, "x": 4.3301272392272949}, "106": {"y": 2.5, "z": 0.0, "x": 4.3301272392272949}, "107": {"y": 0.0, "z": 0.0, "x": 4.375}, "108": {"y": -1.2940952777862549, "z": 0.0, "x": 4.8296289443969727}, "109": {"y": 1.2940952777862549, "z": 0.0, "x": 4.8296289443969727}, "110": {"y": 0.0, "z": 0.0, "x": 5.0}}, "dea": {}, "face": {"0": [83, 85, 87], "1": [78, 85, 83], "2": [79, 83, 86], "3": [83, 88, 86], "4": [77, 86, 93], "5": [72, 86, 77], "6": [81, 93, 100], "7": [77, 93, 81], "8": [84, 100, 106], "9": [81, 100, 84], "10": [75, 92, 85], "11": [71, 75, 85], "12": [80, 99, 92], "13": [75, 80, 92], "14": [82, 105, 99], "15": [80, 82, 99], "16": [54, 77, 55], "17": [55, 77, 81], "18": [14, 16, 55], "19": [14, 55, 56], "20": [55, 81, 56], "21": [56, 81, 84], "22": [40, 82, 80], "23": [40, 80, 41], "24": [41, 80, 75], "25": [41, 75, 42], "26": [12, 40, 41], "27": [12, 41, 15], "28": [73, 78, 83, 76], "29": [74, 76, 83, 79], "30": [66, 73, 76, 69], "31": [67, 69, 76, 74], "32": [59, 66, 69, 62], "33": [60, 62, 69, 67], "34": [48, 59, 62], "35": [48, 62, 60], "36": [83, 91, 90], "37": [83, 89, 91], "38": [90, 91, 98, 97], "39": [89, 96, 98, 91], "40": [97, 98, 107, 104], "41": [96, 103, 107, 98], "42": [104, 107, 110, 109], "43": [103, 108, 110, 107], "44": [65, 74, 79, 70], "45": [63, 67, 74, 65], "46": [58, 60, 67, 63], "47": [48, 60, 58], "48": [70, 79, 86, 72], "49": [86, 88, 95, 93], "50": [93, 95, 102, 100], "51": [100, 102, 106], "52": [51, 65, 70, 52], "53": [50, 63, 65, 51], "54": [49, 58, 63, 50], "55": [48, 58, 49], "56": [52, 70, 72, 53], "57": [53, 72, 77, 54], "58": [28, 32, 51, 52], "59": [32, 35, 50, 51], "60": [35, 39, 49, 50], "61": [39, 48, 49], "62": [25, 28, 52, 53], "63": [21, 25, 53, 54], "64": [16, 21, 54, 55], "65": [18, 23, 32, 28], "66": [23, 30, 35, 32], "67": [30, 37, 39, 35], "68": [37, 48, 39], "69": [11, 18, 28, 25], "70": [8, 11, 25, 21], "71": [5, 8, 21, 16], "72": [3, 5, 16, 14], "73": [13, 20, 23, 18], "74": [20, 27, 30, 23], "75": [27, 34, 37, 30], "76": [34, 48, 37], "77": [9, 13, 18, 11], "78": [6, 9, 11, 8], "79": [1, 6, 8, 5], "80": [0, 1, 5, 3], "81": [13, 17, 22, 20], "82": [20, 22, 29, 27], "83": [27, 29, 36, 34], "84": [34, 36, 48], "85": [9, 10, 17, 13], "86": [6, 7, 10, 9], "87": [1, 4, 7, 6], "88": [0, 2, 4, 1],