{"max_vertex": 152, "max_face": 159, "dfa": {}, "vertex": {"0": {"y": 5.0, "z": 0.0, "x": 0.0}, "1": {"y": 5.0, "z": 0.0, "x": 0.625}, "2": {"y": 2.5, "z": 0.0, "x": 0.66987299919128418}, "3": {"y": 7.5, "z": 0.0, "x": 0.66987299919128418}, "4": {"y": 2.8125, "z": 0.0, "x": 1.2111388444900513}, "5": {"y": 7.1875, "z": 0.0, "x": 1.2111388444900513}, "6": {"y": 5.0, "z": 0.0, "x": 1.25}, "7": {"y": 3.125, "z": 0.0, "x": 1.7524046897888184}, "8": {"y": 6.875, "z": 0.0, "x": 1.7524046897888184}, "9": {"y": 5.0, "z": 0.0, "x": 1.875}, "10": {"y": 3.4375, "z": 0.0, "x": 2.293670654296875}, "11": {"y": 6.5625, "z": 0.0, "x": 2.293670654296875}, "12": {"y": 0.66987299919128418, "z": 0.0, "x": 2.5}, "13": {"y": 5.0, "z": 0.0, "x": 2.5}, "14": {"y": 9.3301267623901367, "z": 0.0, "x": 2.5}, "15": {"y": 1.2111388444900513, "z": 0.0, "x": 2.8125}, "16": {"y": 8.7888612747192383, "z": 0.0, "x": 2.8125}, "17": {"y": 3.75, "z": 0.0, "x": 2.8349363803863525}, "18": {"y": 6.25, "z": 0.0, "x": 2.8349363803863525}, "19": {"y": 1.7524046897888184, "z": 0.0, "x": 3.125}, "20": {"y": 5.0, "z": 0.0, "x": 3.125}, "21": {"y": 8.2475948333740234, "z": 0.0, "x": 3.125}, "22": {"y": 4.0625, "z": 0.0, "x": 3.3762023448944092}, "23": {"y": 5.9375, "z": 0.0, "x": 3.3762023448944092}, "24": {"y": 2.293670654296875, "z": 0.0, "x": 3.4375}, "25": {"y": 7.706329345703125, "z": 0.0, "x": 3.4375}, "26": {"y": 2.8349363803863525, "z": 0.0, "x": 3.75}, "27": {"y": 5.0, "z": 0.0, "x": 3.75}, "28": {"y": 7.1650633811950684, "z": 0.0, "x": 3.75}, "29": {"y": 4.375, "z": 0.0, "x": 3.9174683094024658}, "30": {"y": 5.625, "z": 0.0, "x": 3.9174683094024658}, "31": {"y": 3.3762023448944092, "z": 0.0, "x": 4.0625}, "32": {"y": 6.6237974166870117, "z": 0.0, "x": 4.0625}, "33": {"y": 3.9174683094024658, "z": 0.0, "x": 4.375}, "34": {"y": 5.0, "z": 0.0, "x": 4.375}, "35": {"y": 6.0825319290161133, "z": 0.0, "x": 4.375}, "36": {"y": 4.6875, "z": 0.0, "x": 4.4587340354919434}, "37": {"y": 5.3125, "z": 0.0, "x": 4.4587340354919434}, "38": {"y": 4.4587340354919434, "z": 0.0, "x": 4.6875}, "39": {"y": 5.5412659645080566, "z": 0.0, "x": 4.6875}, "40": {"y": 0.0, "z": 0.0, "x": 5.0}, "41": {"y": 0.625, "z": 0.0, "x": 5.0}, "42": {"y": 1.25, "z": 0.0, "x": 5.0}, "43": {"y": 1.875, "z": 0.0, "x": 5.0}, "44": {"y": 2.5, "z": 0.0, "x": 5.0}, "45": {"y": 3.125, "z": 0.0, "x": 5.0}, "46": {"y": 3.75, "z": 0.0, "x": 5.0}, "47": {"y": 4.375, "z": 0.0, "x": 5.0}, "48": {"y": 5.0, "z": 0.0, "x": 5.0}, "49": {"y": 5.625, "z": 0.0, "x": 5.0}, "50": {"y": 6.25, "z": 0.0, "x": 5.0}, "51": {"y": 6.875, "z": 0.0, "x": 5.0}, "52": {"y": 7.5, "z": 0.0, "x": 5.0}, "53": {"y": 8.125, "z": 0.0, "x": 5.0}, "54": {"y": 8.75, "z": 0.0, "x": 5.0}, "55": {"y": 9.375, "z": 0.0, "x": 5.0}, "56": {"y": 10.0, "z": 0.0, "x": 5.0}, "57": {"y": 4.4587340354919434, "z": 0.0, "x": 5.3125}, "58": {"y": 5.5412659645080566, "z": 0.0, "x": 5.3125}, "59": {"y": 3.9174683094024658, "z": 0.0, "x": 5.625}, "60": {"y": 5.0, "z": 0.0, "x": 5.625}, "61": {"y": 6.0825319290161133, "z": 0.0, "x": 5.625}, "62": {"y": 4.594050407409668, "z": 0.0, "x": 5.859375}, "63": {"y": 5.405949592590332, "z": 0.0, "x": 5.859375}, "64": {"y": 3.3762023448944092, "z": 0.0, "x": 5.9375}, "65": {"y": 6.6237974166870117, "z": 0.0, "x": 5.9375}, "66": {"y": 4.1881012916564941, "z": 0.0, "x": 6.09375}, "67": {"y": 5.8118987083435059, "z": 0.0, "x": 6.09375}, "68": {"y": 2.8349363803863525, "z": 0.0, "x": 6.25}, "69": {"y": 5.0, "z": 0.0, "x": 6.25}, "70": {"y": 7.1650633811950684, "z": 0.0, "x": 6.25}, "71": {"y": 3.7821516990661621, "z": 0.0, "x": 6.328125}, "72": {"y": 6.2178483009338379, "z": 0.0, "x": 6.328125}, "73": {"y": 4.7293672561645508, "z": 0.0, "x": 6.40625}, "74": {"y": 5.2706327438354492, "z": 0.0, "x": 6.40625}, "75": {"y": 2.293670654296875, "z": 0.0, "x": 6.5625}, "76": {"y": 3.3762023448944092, "z": 0.0, "x": 6.5625}, "77": {"y": 4.4587340354919434, "z": 0.0, "x": 6.5625}, "78": {"y": 5.5412659645080566, "z": 0.0, "x": 6.5625}, "79": {"y": 6.6237974166870117, "z": 0.0, "x": 6.5625}, "80": {"y": 7.706329345703125, "z": 0.0, "x": 6.5625}, "81": {"y": 4.1881012916564941, "z": 0.0, "x": 6.71875}, "82": {"y": 5.8118987083435059, "z": 0.0, "x": 6.71875}, "83": {"y": 2.9702529907226563, "z": 0.0, "x": 6.796875}, "84": {"y": 7.0297470092773438, "z": 0.0, "x": 6.796875}, "85": {"y": 1.7524046897888184, "z": 0.0, "x": 6.875}, "86": {"y": 3.9174683094024658, "z": 0.0, "x": 6.875}, "87": {"y": 5.0, "z": 0.0, "x": 6.875}, "88": {"y": 6.0825319290161133, "z": 0.0, "x": 6.875}, "89": {"y": 8.2475948333740234, "z": 0.0, "x": 6.875}, "90": {"y": 4.8646836280822754, "z": 0.0, "x": 6.953125}, "91": {"y": 5.1353163719177246, "z": 0.0, "x": 6.953125}, "92": {"y": 2.5643036365509033, "z": 0.0, "x": 7.03125}, "93": {"y": 3.6468353271484375, "z": 0.0, "x": 7.03125}, "94": {"y": 4.7293672561645508, "z": 0.0, "x": 7.03125}, "95": {"y": 5.2706327438354492, "z": 0.0, "x": 7.03125}, "96": {"y": 6.3531646728515625, "z": 0.0, "x": 7.03125}, "97": {"y": 7.4356966018676758, "z": 0.0, "x": 7.03125}, "98": {"y": 4.594050407409668, "z": 0.0, "x": 7.109375}, "99": {"y": 5.405949592590332, "z": 0.0, "x": 7.109375}, "100": {"y": 1.2111388444900513, "z": 0.0, "x": 7.1875}, "101": {"y": 3.3762023448944092, "z": 0.0, "x": 7.1875}, "102": {"y": 4.4587340354919434, "z": 0.0, "x": 7.1875}, "103": {"y": 5.5412659645080566, "z": 0.0, "x": 7.1875}, "104": {"y": 6.6237974166870117, "z": 0.0, "x": 7.1875}, "105": {"y": 8.7888612747192383, "z": 0.0, "x": 7.1875}, "106": {"y": 2.1583540439605713, "z": 0.0, "x": 7.265625}, "107": {"y": 4.3234176635742188, "z": 0.0, "x": 7.265625}, "108": {"y": 5.6765823364257813, "z": 0.0, "x": 7.265625}, "109": {"y": 7.8416457176208496, "z": 0.0, "x": 7.265625}, "110": {"y": 3.1055693626403809, "z": 0.0, "x": 7.34375}, "111": {"y": 4.1881012916564941, "z": 0.0, "x": 7.34375}, "112": {"y": 5.8118987083435059, "z": 0.0, "x": 7.34375}, "113": {"y": 6.8944306373596191, "z": 0.0, "x": 7.34375}, "114": {"y": 4.0527849197387695, "z": 0.0, "x": 7.421875}, "115": {"y": 5.9472150802612305, "z": 0.0, "x": 7.421875}, "116": {"y": 0.66987299919128418, "z": 0.0, "x": 7.5}, "117": {"y": 1.7524046897888184, "z": 0.0, "x": 7.5}, "118": {"y": 2.8349363803863525, "z": 0.0, "x": 7.5}, "119": {"y": 3.9174683094024658, "z": 0.0, "x": 7.5}, "120": {"y": 5.0, "z": 0.0, "x": 7.5}, "121": {"y": 6.0825319290161133, "z": 0.0, "x": 7.5}, "122": {"y": 7.1650633811950684, "z": 0.0, "x": 7.5}, "123": {"y": 9.3301267623901367, "z": 0.0, "x": 7.5}, "124": {"y": 8.2475948333740234, "z": 0.0, "x": 7.5}, "125": {"y": 4.1161165237426758, "z": 0.0, "x": 7.7588834762573242}, "126": {"y": 5.8838834762573242, "z": 0.0, "x": 7.7588834762573242}, "127": {"y": 4.375, "z": 0.0, "x": 7.9575319290161133}, "128": {"y": 5.625, "z": 0.0, "x": 7.9575319290161133}, "129": {"y": 3.2322330474853516, "z": 0.0, "x": 8.0177669525146484}, "130": {"y": 6.7677669525146484, "z": 0.0, "x": 8.0177669525146484}, "131": {"y": 4.676476001739502, "z": 0.0, "x": 8.0824069976806641}, "132": {"y": 5.3235235214233398, "z": 0.0, "x": 8.0824069976806641}, "133": {"y": 5.0, "z": 0.0, "x": 8.125}, "134": {"y": 2.3483495712280273, "z": 0.0, "x": 8.2766504287719727}, "135": {"y": 7.6516504287719727, "z": 0.0, "x": 8.2766504287719727}, "136": {"y": 3.75, "z": 0.0, "x": 8.4150638580322266}, "137": {"y": 6.25, "z": 0.0, "x": 8.4150638580322266}, "138": {"y": 1.4644660949707031, "z": 0.0, "x": 8.5355339050292969}, "139": {"y": 8.5355339050292969, "z": 0.0, "x": 8.5355339050292969}, "140": {"y": 4.3529524803161621, "z": 0.0, "x": 8.6648139953613281}, "141": {"y": 5.6470475196838379, "z": 0.0, "x": 8.6648139953613281}, "142": {"y": 5.0, "z": 0.0, "x": 8.75}, "143": {"y": 3.125, "z": 0.0, "x": 8.8725948333740234}, "144": {"y": 6.875, "z": 0.0, "x": 8.8725948333740234}, "145": {"y": 4.0294284820556641, "z": 0.0, "x": 9.2472219467163086}, "146": {"y": 5.9705715179443359, "z": 0.0, "x": 9.2472219467163086}, "147": {"y": 2.5, "z": 0.0,