{"max_vertex": 112, "max_face": 125, "dfa": {}, "vertex": {"0": {"y": 5.0, "z": 0.0, "x": 0.0}, "1": {"y": 5.0, "z": 0.0, "x": 0.625}, "2": {"y": 2.5, "z": 0.0, "x": 0.66987299919128418}, "3": {"y": 7.5, "z": 0.0, "x": 0.66987299919128418}, "4": {"y": 2.8125, "z": 0.0, "x": 1.2111388444900513}, "5": {"y": 7.1875, "z": 0.0, "x": 1.2111388444900513}, "6": {"y": 5.0, "z": 0.0, "x": 1.25}, "7": {"y": 3.125, "z": 0.0, "x": 1.7524046897888184}, "8": {"y": 6.875, "z": 0.0, "x": 1.7524046897888184}, "9": {"y": 5.0, "z": 0.0, "x": 1.875}, "10": {"y": 3.4375, "z": 0.0, "x": 2.293670654296875}, "11": {"y": 6.5625, "z": 0.0, "x": 2.293670654296875}, "12": {"y": 0.66987299919128418, "z": 0.0, "x": 2.5}, "13": {"y": 5.0, "z": 0.0, "x": 2.5}, "14": {"y": 9.3301267623901367, "z": 0.0, "x": 2.5}, "15": {"y": 1.2111388444900513, "z": 0.0, "x": 2.8125}, "16": {"y": 8.7888612747192383, "z": 0.0, "x": 2.8125}, "17": {"y": 3.75, "z": 0.0, "x": 2.8349363803863525}, "18": {"y": 6.25, "z": 0.0, "x": 2.8349363803863525}, "19": {"y": 1.7524046897888184, "z": 0.0, "x": 3.125}, "20": {"y": 5.0, "z": 0.0, "x": 3.125}, "21": {"y": 8.2475948333740234, "z": 0.0, "x": 3.125}, "22": {"y": 4.0625, "z": 0.0, "x": 3.3762023448944092}, "23": {"y": 5.9375, "z": 0.0, "x": 3.3762023448944092}, "24": {"y": 2.293670654296875, "z": 0.0, "x": 3.4375}, "25": {"y": 7.706329345703125, "z": 0.0, "x": 3.4375}, "26": {"y": 2.8349363803863525, "z": 0.0, "x": 3.75}, "27": {"y": 5.0, "z": 0.0, "x": 3.75}, "28": {"y": 7.1650633811950684, "z": 0.0, "x": 3.75}, "29": {"y": 4.375, "z": 0.0, "x": 3.9174683094024658}, "30": {"y": 5.625, "z": 0.0, "x": 3.9174683094024658}, "31": {"y": 3.3762023448944092, "z": 0.0, "x": 4.0625}, "32": {"y": 6.6237974166870117, "z": 0.0, "x": 4.0625}, "33": {"y": 3.9174683094024658, "z": 0.0, "x": 4.375}, "34": {"y": 5.0, "z": 0.0, "x": 4.375}, "35": {"y": 6.0825319290161133, "z": 0.0, "x": 4.375}, "36": {"y": 4.6875, "z": 0.0, "x": 4.4587340354919434}, "37": {"y": 5.3125, "z": 0.0, "x": 4.4587340354919434}, "38": {"y": 4.4587340354919434, "z": 0.0, "x": 4.6875}, "39": {"y": 5.5412659645080566, "z": 0.0, "x": 4.6875}, "40": {"y": 0.0, "z": 0.0, "x": 5.0}, "41": {"y": 0.625, "z": 0.0, "x": 5.0}, "42": {"y": 1.25, "z": 0.0, "x": 5.0}, "43": {"y": 1.875, "z": 0.0, "x": 5.0}, "44": {"y": 2.5, "z": 0.0, "x": 5.0}, "45": {"y": 3.125, "z": 0.0, "x": 5.0}, "46": {"y": 3.75, "z": 0.0, "x": 5.0}, "47": {"y": 4.375, "z": 0.0, "x": 5.0}, "48": {"y": 5.0, "z": 0.0, "x": 5.0}, "49": {"y": 5.625, "z": 0.0, "x": 5.0}, "50": {"y": 6.25, "z": 0.0, "x": 5.0}, "51": {"y": 6.875, "z": 0.0, "x": 5.0}, "52": {"y": 7.5, "z": 0.0, "x": 5.0}, "53": {"y": 8.125, "z": 0.0, "x": 5.0}, "54": {"y": 8.75, "z": 0.0, "x": 5.0}, "55": {"y": 9.375, "z": 0.0, "x": 5.0}, "56": {"y": 10.0, "z": 0.0, "x": 5.0}, "57": {"y": 4.4587340354919434, "z": 0.0, "x": 5.3125}, "58": {"y": 5.5412659645080566, "z": 0.0, "x": 5.3125}, "59": {"y": 4.6875, "z": 0.0, "x": 5.5412659645080566}, "60": {"y": 5.3125, "z": 0.0, "x": 5.5412659645080566}, "61": {"y": 3.9174683094024658, "z": 0.0, "x": 5.625}, "62": {"y": 5.0, "z": 0.0, "x": 5.625}, "63": {"y": 6.0825319290161133, "z": 0.0, "x": 5.625}, "64": {"y": 3.3762023448944092, "z": 0.0, "x": 5.9375}, "65": {"y": 6.6237974166870117, "z": 0.0, "x": 5.9375}, "66": {"y": 4.375, "z": 0.0, "x": 6.0825319290161133}, "67": {"y": 5.625, "z": 0.0, "x": 6.0825319290161133}, "68": {"y": 2.8349363803863525, "z": 0.0, "x": 6.25}, "69": {"y": 5.0, "z": 0.0, "x": 6.25}, "70": {"y": 7.1650633811950684, "z": 0.0, "x": 6.25}, "71": {"y": 2.293670654296875, "z": 0.0, "x": 6.5625}, "72": {"y": 7.706329345703125, "z": 0.0, "x": 6.5625}, "73": {"y": 4.0625, "z": 0.0, "x": 6.6237974166870117}, "74": {"y": 5.9375, "z": 0.0, "x": 6.6237974166870117}, "75": {"y": 1.7524046897888184, "z": 0.0, "x": 6.875}, "76": {"y": 5.0, "z": 0.0, "x": 6.875}, "77": {"y": 8.2475948333740234, "z": 0.0, "x": 6.875}, "78": {"y": 3.75, "z": 0.0, "x": 7.1650633811950684}, "79": {"y": 6.25, "z": 0.0, "x": 7.1650633811950684}, "80": {"y": 1.2111388444900513, "z": 0.0, "x": 7.1875}, "81": {"y": 8.7888612747192383, "z": 0.0, "x": 7.1875}, "82": {"y": 0.66987299919128418, "z": 0.0, "x": 7.5}, "83": {"y": 5.0, "z": 0.0, "x": 7.5}, "84": {"y": 9.3301267623901367, "z": 0.0, "x": 7.5}, "85": {"y": 3.4375, "z": 0.0, "x": 7.706329345703125}, "86": {"y": 6.5625, "z": 0.0, "x": 7.706329345703125}, "87": {"y": 2.7882311344146729, "z": 0.0, "x": 7.9108262062072754}, "88": {"y": 7.2117691040039063, "z": 0.0, "x": 7.9108262062072754}, "89": {"y": 5.0, "z": 0.0, "x": 8.125}, "90": {"y": 2.2314071655273438, "z": 0.0, "x": 8.207768440246582}, "91": {"y": 7.7685928344726563, "z": 0.0, "x": 8.207768440246582}, "92": {"y": 3.4375, "z": 0.0, "x": 8.416081428527832}, "93": {"y": 6.5625, "z": 0.0, "x": 8.416081428527832}, "94": {"y": 2.7882311344146729, "z": 0.0, "x": 8.6743783950805664}, "95": {"y": 7.2117691040039063, "z": 0.0, "x": 8.6743783950805664}, "96": {"y": 1.6465855836868286, "z": 0.0, "x": 8.7087211608886719}, "97": {"y": 8.3534145355224609, "z": 0.0, "x": 8.7087211608886719}, "98": {"y": 5.0, "z": 0.0, "x": 8.75}, "99": {"y": 3.4375, "z": 0.0, "x": 9.0958919525146484}, "100": {"y": 6.5625, "z": 0.0, "x": 9.0958919525146484}, "101": {"y": 2.1567032337188721, "z": 0.0, "x": 9.1128654479980469}, "102": {"y": 7.8432965278625488, "z": 0.0, "x": 9.1128654479980469}, "103": {"y": 2.4722535610198975, "z": 0.0, "x": 9.3139886856079102}, "104": {"y": 7.5277462005615234, "z": 0.0, "x": 9.3139886856079102}, "105": {"y": 5.0, "z": 0.0, "x": 9.375}, "106": {"y": 2.7502882480621338, "z": 0.0, "x": 9.4652881622314453}, "107": {"y": 7.2497119903564453, "z": 0.0, "x": 9.4652881622314453}, "108": {"y": 3.0174572467803955, "z": 0.0, "x": 9.5901546478271484}, "109": {"y": 6.9825429916381836, "z": 0.0, "x": 9.5901546478271484}, "110": {"y": 3.4375, "z": 0.0, "x": 9.7495889663696289}, "111": {"y": 6.5625, "z": 0.0, "x": 9.7495889663696289}, "112": {"y": 5.0, "z": 0.0, "x": 10.0}}, "dea": {}, "face": {"0": [73, 76, 83, 78], "1": [78, 83, 85], "2": [66, 69, 76, 73], "3": [59, 62, 69, 66], "4": [48, 62, 59], "5": [48, 59, 57], "6": [57, 59, 66, 61], "7": [61, 66, 73, 64], "8": [64, 73, 78, 68], "9": [68, 78, 85, 71], "10": [80, 90, 96, 82], "11": [40, 41, 80, 82], "12": [75, 87, 90, 80], "13": [41, 42, 75, 80], "14": [71, 85, 87, 75], "15": [42, 43, 71, 75], "16": [43, 44, 68, 71], "17": [47, 48, 57], "18": [46, 47, 57, 61], "19": [45, 46, 61, 64], "20": [44, 45, 64, 68], "21": [12, 15, 41, 40], "22": [15, 19, 42, 41], "23": [19, 24, 43, 42], "24": [24, 26, 44, 43], "25": [38, 48, 47], "26": [33, 38, 47, 46], "27": [31, 33, 46, 45], "28": [26, 31, 45, 44], "29": [2, 4, 15, 12], "30": [4, 7, 19, 15], "31": [7, 10, 24, 19], "32": [10, 17, 26, 24], "33": [36, 48, 38], "34": [29, 36, 38, 33], "35": [22, 29, 33, 31], "36": [17, 22, 31, 26], "37": [0, 1, 4, 2], "38": [1, 6, 7, 4], "39": [6, 9, 10, 7], "40": [9, 13, 17, 10], "41": [34, 48, 36], "42": [27, 34, 36, 29], "43": [20, 27, 29, 22], "44": [13, 20, 22, 17], "45": [0, 3, 5, 1], "46": [1, 5, 8, 6], "47": [6, 8, 11, 9], "48": [9, 11, 18, 13], "49": [34, 37, 48], "50": [27, 30, 37, 34], "51": [20, 23, 30, 27], "52": [13, 18, 23, 20], "53": [3, 14, 16, 5], "54": [5, 16, 21, 8], "55": [8, 21, 25, 11], "56": [11, 25, 28, 18], "57": [37, 39, 48], "58": [30, 35, 39, 37], "59": [23, 32, 35, 30], "60": [18, 28, 32, 23], "61": [14, 56, 55, 16], "62": [16, 55, 54, 21], "63": [21, 54, 53, 25], "64": [25, 53, 52, 28], "65": [39, 49, 48], "66": [35, 50, 49, 39], "67": [32, 51, 50, 35], "68": [28, 52, 51, 32], "69": [55, 56, 84, 81], "70": [54, 55, 81, 77], "71": [53, 54, 77, 72], "72": [52, 53, 72, 70], "73": [48, 49, 58], "74": [49, 50, 63, 58], "75": [50, 51, 65, 63], "76": [51, 52, 70, 65], "77": [81, 84, 97, 91], "78": [77, 81, 91, 88], "79": [72, 77, 88, 86], "80": [70, 72, 86, 79], "81": [48, 58, 60], "82": [58, 63, 67, 60], "83": [63, 65, 74, 67], "84": [65, 70, 79, 74], "85": [48, 60, 62], "86": [60, 67, 69, 62],