{"iterations": {"0": [-76.91117947592048, -1.8123956391266538, -0.19496190372405872, -0.03891849477433226, -0.008522768680293247, -0.002326616725558723, -81.20504625185514, -81.20579158171756, -81.20479520750081, -81.20230514408934, -81.2050974695958, -81.20548762283713, -0.0007872512831635457, -81.2054031124956, -81.20427253480821, 0.0, 0.0, 0.0, 0.0, 0.0, 0.0, 0.0, 0.0, 0.0, 0.0, 0.5], "1": [-76.91193856117984, -1.8180283326585882, -0.220282195709368, -0.11783739550869723, -0.20447805734478547, -0.4232380014069116, -81.18480181375598, -81.15279094495904, -81.11903842939336, -81.09630397516186, -81.09909613357486, -81.11973062797813, -0.8259715000028444, -81.15240230094739, -81.18402800223858, 1.2569390405958198, 1.2569602296979445, 1.2569667616448719, 1.2569786054441374, 1.2569623468641977, 1.25692262174841, 1.2569671611214608, 1.2569738181926289, 1.2569723912785846, 1.2569540524376428, 0.5]}}