{"attributes": {"name": "FormDiagram", "loadpath": 5.501471780647515, "indset": ["1.993,0.000,0.000"], "thk": 0.10781453690579566}, "dva": {"x": 0.0, "y": 0.0, "z": 0.0, "px": 0.0, "py": 0.0, "pz": 0.0, "t": 1.0, "is_anchor": false, "is_fixed": false, "_rx": 0.0, "_ry": 0.0, "_rz": 0.0, "is_roller": false}, "dea": {"q": 1.0, "lmin": 0.0, "lmax": 10000000.0, "hmin": 0.0, "hmax": 10000000.0, "_h": 0.0, "_f": 0.0, "_l": 0.0, "_a": 0.0, "_is_edge": true, "_is_tension": false, "is_symmetry": false, "is_ind": false}, "dfa": {"_is_loaded": true}, "vertex": {"0": {"x": 0.0, "y": 0.0, "z": 0.13596715218038394, "is_fixed": true, "target": 0.0, "pz": 0.16515869094466476, "ub": 0.4582575694955842, "lb": -1.0, "b": [0.10000000000000009, 0.0], "_rx": -1.244140477953967, "_ry": 0.0, "_rz": -3.138015127948632}, "1": {"x": 0.013638696597277677, "y": 0.0, "z": 0.16855662876283561, "target": 0.1645945902807339, "pz": 0.3303173818893295, "ub": 0.4869203006136455, "lb": -1.0}, "2": {"x": 0.05418275829936536, "y": 0.0, "z": 0.25467171656782256, "target": 0.32469946920468346, "pz": 0.3303173818893295, "ub": 0.5616313250717088, "lb": -1.0}, "3": {"x": 0.12052624879351093, "y": 0.0, "z": 0.3779703788300245, "target": 0.4759473930370735, "pz": 0.3303173818893295, "ub": 0.6607010828951219, "lb": 0.19111755790294777}, "4": {"x": 0.21085949060360631, "y": 0.0, "z": 0.52187039877644, "target": 0.6142127126896678, "pz": 0.3303173818893295, "ub": 0.7663271210322655, "lb": 0.43273231498190695}, "5": {"x": 0.3227184283742589, "y": 0.0, "z": 0.6703622777887174, "target": 0.7357239106731316, "pz": 0.3303173818893295, "ub": 0.8667696768670247, "lb": 0.5926969484788716}, "6": {"x": 0.45305184187757297, "y": 0.0, "z": 0.8087755604814041, "target": 0.8371664782625285, "pz": 0.3303173818893295, "ub": 0.9543834199767328, "lb": 0.7147361137696098}, "7": {"x": 0.5983045753470304, "y": 0.0, "z": 0.9244686919615497, "target": 0.9157733266550574, "pz": 0.3303173818893295, "ub": 1.0240316332090873, "lb": 0.8053823848414308}, "8": {"x": 0.7545145128592008, "y": 0.0, "z": 1.007415687897205, "target": 0.9694002659393304, "pz": 0.3303173818893295, "ub": 1.0722578400754386, "lb": 0.865873475516628}, "9": {"x": 0.9174206545276676, "y": 0.0, "z": 1.0506670177615893, "target": 0.9965844930066698, "pz": 0.3303173818893295, "ub": 1.0968959165305345, "lb": 0.896203465570939}, "10": {"x": 1.0825793454723323, "y": 0.0, "z": 1.0506670177615889, "target": 0.9965844930066698, "pz": 0.3303173818893295, "ub": 1.0968959165305345, "lb": 0.896203465570939}, "11": {"x": 1.2454854871407992, "y": 0.0, "z": 1.0074156878972038, "target": 0.9694002659393304, "pz": 0.3303173818893295, "ub": 1.0722578400754386, "lb": 0.865873475516628}, "12": {"x": 1.4016954246529694, "y": 0.0, "z": 0.9244686919615487, "target": 0.9157733266550575, "pz": 0.3303173818893295, "ub": 1.0240316332090873, "lb": 0.8053823848414309}, "13": {"x": 1.5469481581224267, "y": 0.0, "z": 0.8087755604814033, "target": 0.8371664782625288, "pz": 0.3303173818893295, "ub": 0.954383419976733, "lb": 0.7147361137696101}, "14": {"x": 1.6772815716257408, "y": 0.0, "z": 0.6703622777887169, "target": 0.7357239106731317, "pz": 0.3303173818893295, "ub": 0.8667696768670249, "lb": 0.592696948478872}, "15": {"x": 1.7891405093963935, "y": 0.0, "z": 0.5218703987764396, "target": 0.6142127126896679, "pz": 0.3303173818893295, "ub": 0.7663271210322657, "lb": 0.43273231498190734}, "16": {"x": 1.879473751206489, "y": 0.0, "z": 0.37797037883002393, "target": 0.4759473930370737, "pz": 0.3303173818893295, "ub": 0.6607010828951221, "lb": 0.19111755790294835}, "17": {"x": 1.9458172417006345, "y": 0.0, "z": 0.2546717165678221, "target": 0.3246994692046836, "pz": 0.3303173818893295, "ub": 0.561631325071709, "lb": -1.0}, "18": {"x": 1.9863613034027223, "y": 0.0, "z": 0.16855662876283492, "target": 0.16459459028073403, "pz": 0.3303173818893295, "ub": 0.4869203006136455, "lb": -1.0}, "19": {"x": 2.0, "y": 0.0, "z": 0.13596715218038327, "is_fixed": true, "target": 1.2246467991473532e-16, "pz": 0.16515869094466476, "ub": 0.4582575694955842, "lb": -1.0, "b": [0.10000000000000009, 0.0], "_rx": 1.2441404779539675, "_ry": 0.0, "_rz": -3.1380151279486306}}, "face": {"0": [0, 1, 2, 3, 4, 5, 6, 7, 8, 9, 10, 11, 12, 13, 14, 15, 16, 17, 18, 19, 18, 17, 16, 15, 14, 13, 12, 11, 10, 9, 8, 7, 6, 5, 4, 3, 2, 1]}, "facedata": {"0": {}}, "edgedata": {"(0, 1)": {"is_ind": false, "q": 91.22136188602516}, "(1, 2)": {"is_ind": false, "q": 30.686133202335373}, "(2, 3)": {"is_ind": false, "q": 18.753015083880076}, "(3, 4)": {"is_ind": false, "q": 13.772786772885686}, "(4, 5)": {"is_ind": false, "q": 11.1224056186271}, "(5, 6)": {"is_ind": false, "q": 9.545828997429957}, "(6, 7)": {"is_ind": false, "q": 8.565349843936488}, "(7, 8)": {"is_ind": false, "q": 7.964541166640145}, "(8, 9)": {"is_ind": false, "q": 7.637161283249454}, "(9, 10)": {"is_ind": false, "q": 7.5330003576427425}, "(10, 11)": {"is_ind": false, "q": 7.637161283249453}, "(11, 12)": {"is_ind": false, "q": 7.96454116664016}, "(12, 13)": {"is_ind": false, "q": 8.565349843936495}, "(13, 14)": {"is_ind": false, "q": 9.54582899742997}, "(14, 15)": {"is_ind": false, "q": 11.12240561862709}, "(15, 16)": {"is_ind": false, "q": 13.772786772885668}, "(16, 17)": {"is_ind": false, "q": 18.753015083880086}, "(17, 18)": {"is_ind": false, "q": 30.686133202335302}, "(18, 19)": {"is_ind": true, "q": 91.2213618860252}, "(1, 0)": {"is_ind": false, "q": 91.22136188602516}, "(2, 1)": {"is_ind": false, "q": 30.686133202335373}, "(3, 2)": {"is_ind": false, "q": 18.753015083880076}, "(4, 3)": {"is_ind": false, "q": 13.772786772885686}, "(5, 4)": {"is_ind": false, "q": 11.1224056186271}, "(6, 5)": {"is_ind": false, "q": 9.545828997429957}, "(7, 6)": {"is_ind": false, "q": 8.565349843936488}, "(8, 7)": {"is_ind": false, "q": 7.964541166640145}, "(9, 8)": {"is_ind": false, "q": 7.637161283249454}, "(10, 9)": {"is_ind": false, "q": 7.5330003576427425}, "(11, 10)": {"is_ind": false, "q": 7.637161283249453}, "(12, 11)": {"is_ind": false, "q": 7.96454116664016}, "(13, 12)": {"is_ind": false, "q": 8.565349843936495}, "(14, 13)": {"is_ind": false, "q": 9.54582899742997}, "(15, 14)": {"is_ind": false, "q": 11.12240561862709}, "(16, 15)": {"is_ind": false, "q": 13.772786772885668}, "(17, 16)": {"is_ind": false, "q": 18.753015083880086}, "(18, 17)": {"is_ind": false, "q": 30.686133202335302}, "(19, 18)": {"is_ind": true, "q": 91.2213618860252}}, "max_int_key": 19, "max_int_fkey": 0}