{"compas": "1.0.0", "datatype": "compas_tna.diagrams/FormDiagram", "data": {"attributes": {"name": "FormDiagram", "loadpath": 0, "indset": ["1.993,0.000,0.000"]}, "dva": {"x": 0.0, "y": 0.0, "z": 0.0, "px": 0.0, "py": 0.0, "pz": 0.0, "t": 1.0, "is_anchor": false, "is_fixed": false, "_rx": 0.0, "_ry": 0.0, "_rz": 0.0, "is_roller": false}, "dea": {"q": 1.0, "lmin": 0.0, "lmax": 10000000.0, "hmin": 0.0, "hmax": 10000000.0, "_h": 0.0, "_f": 0.0, "_l": 0.0, "_a": 0.0, "_is_edge": true, "_is_tension": false, "is_symmetry": false, "is_ind": false}, "dfa": {"_is_loaded": true}, "vertex": {"0": {"x": 0.0, "y": 0.0, "z": 0.1317360164036541, "is_fixed": true, "target": 0.0, "pz": 0.09083728001956563, "ub": 0.3361919094802847, "lb": -5.0, "b": [0.05499999999999994, 0.0], "_rx": -0.6803150915632009, "_ry": 0.0, "_rz": -1.725908320372637}, "1": {"x": 0.013638696597277677, "y": 0.0, "z": 0.16451529487464922, "target": 0.16459459028073387, "pz": 0.18167456003913127, "ub": 0.3743212245514308, "lb": -5.0}, "2": {"x": 0.05418275829936536, "y": 0.0, "z": 0.2511319190039866, "target": 0.32469946920468346, "pz": 0.18167456003913127, "ub": 0.46739142621768665, "lb": -5.0}, "3": {"x": 0.12052624879351093, "y": 0.0, "z": 0.3751486756146409, "target": 0.4759473930370735, "pz": 0.18167456003913127, "ub": 0.5827099801262945, "lb": 0.34576136414988085}, "4": {"x": 0.21085949060360631, "y": 0.0, "z": 0.5198867727078144, "target": 0.6142127126896678, "pz": 0.18167456003913127, "ub": 0.700201582710008, "lb": 0.5198867727011337}, "5": {"x": 0.3227184283742589, "y": 0.0, "z": 0.6692434719635441, "target": 0.7357239106731316, "pz": 0.18167456003913127, "ub": 0.8088971954062927, "lb": 0.6590255478630295}, "6": {"x": 0.45305184187757297, "y": 0.0, "z": 0.8084628769144757, "target": 0.8371664782625285, "pz": 0.18167456003913127, "ub": 0.9021489413209354, "lb": 0.7706313725293595}, "7": {"x": 0.5983045753470304, "y": 0.0, "z": 0.9248298079505922, "target": 0.9157733266550574, "pz": 0.18167456003913127, "ub": 0.9755335903047472, "lb": 0.8553746464636828}, "8": {"x": 0.7545145128592008, "y": 0.0, "z": 1.0082598891681775, "target": 0.9694002659393304, "pz": 0.18167456003913127, "ub": 1.0260418488557104, "lb": 0.9125578752075095}, "9": {"x": 0.9174206545276676, "y": 0.0, "z": 1.0517631158089862, "target": 0.9965844930066698, "pz": 0.18167456003913127, "ub": 1.0517631157733955, "lb": 0.9413849646671446}, "10": {"x": 1.0825793454723323, "y": 0.0, "z": 1.0517631158092025, "target": 0.9965844930066698, "pz": 0.18167456003913127, "ub": 1.0517631157733955, "lb": 0.9413849646671446}, "11": {"x": 1.2454854871407992, "y": 0.0, "z": 1.008259889168821, "target": 0.9694002659393304, "pz": 0.18167456003913127, "ub": 1.0260418488557104, "lb": 0.9125578752075095}, "12": {"x": 1.4016954246529694, "y": 0.0, "z": 0.9248298079516454, "target": 0.9157733266550575, "pz": 0.18167456003913127, "ub": 0.9755335903047473, "lb": 0.8553746464636829}, "13": {"x": 1.5469481581224267, "y": 0.0, "z": 0.8084628769159098, "target": 0.8371664782625288, "pz": 0.18167456003913127, "ub": 0.9021489413209356, "lb": 0.7706313725293598}, "14": {"x": 1.6772815716257408, "y": 0.0, "z": 0.66924347196532, "target": 0.7357239106731317, "pz": 0.18167456003913127, "ub": 0.808897195406293, "lb": 0.6590255478630298}, "15": {"x": 1.7891405093963935, "y": 0.0, "z": 0.5198867727098833, "target": 0.6142127126896679, "pz": 0.18167456003913127, "ub": 0.7002015827100083, "lb": 0.519886772701134}, "16": {"x": 1.879473751206489, "y": 0.0, "z": 0.3751486756169463, "target": 0.4759473930370737, "pz": 0.18167456003913127, "ub": 0.5827099801262946, "lb": 0.3457613641498812}, "17": {"x": 1.9458172417006345, "y": 0.0, "z": 0.25113191900646603, "target": 0.3246994692046836, "pz": 0.18167456003913127, "ub": 0.46739142621768687, "lb": -5.0}, "18": {"x": 1.9863613034027223, "y": 0.0, "z": 0.16451529487723468, "target": 0.16459459028073403, "pz": 0.18167456003913127, "ub": 0.3743212245514308, "lb": -5.0}, "19": {"x": 2.0, "y": 0.0, "z": 0.13173601640627533, "is_fixed": true, "target": 1.2246467991473532e-16, "pz": 0.09083728001956563, "ub": 0.3361919094802847, "lb": -5.0, "b": [0.05499999999999994, 0.0], "_rx": 0.680315091563201, "_ry": 0.0, "_rz": -1.7259083203708527}}, "face": {"0": [0, 1, 2, 3, 4, 5, 6, 7, 8, 9, 10, 11, 12, 13, 14, 15, 16, 17, 18, 19, 18, 17, 16, 15, 14, 13, 12, 11, 10, 9, 8, 7, 6, 5, 4, 3, 2, 1]}, "facedata": {"0": {}}, "edgedata": {"0-1": {"is_ind": false, "q": 49.88123950927933}, "1-2": {"is_ind": false, "q": 16.779648190210057}, "2-3": {"is_ind": false, "q": 10.254436215158655}, "3-4": {"is_ind": false, "q": 7.531171005612799}, "4-5": {"is_ind": false, "q": 6.081901948309826}, "5-6": {"is_ind": false, "q": 5.2198056758937}, "6-7": {"is_ind": false, "q": 4.683664639648595}, "7-8": {"is_ind": false, "q": 4.355133241828461}, "8-9": {"is_ind": false, "q": 4.176116901397868}, "9-10": {"is_ind": false, "q": 4.11916011002494}, "10-11": {"is_ind": false, "q": 4.176116901397868}, "11-12": {"is_ind": false, "q": 4.35513324182847}, "12-13": {"is_ind": false, "q": 4.683664639648603}, "13-14": {"is_ind": false, "q": 5.219805675893707}, "14-15": {"is_ind": false, "q": 6.081901948309823}, "15-16": {"is_ind": false, "q": 7.531171005612791}, "16-17": {"is_ind": false, "q": 10.254436215158664}, "17-18": {"is_ind": false, "q": 16.779648190210022}, "18-19": {"is_ind": true, "q": 49.88123950927934}}, "max_vertex": 19, "max_face": 0}}